Id,label,organization_type,region,industry,size_category,status,nx_in_degree,nx_out_degree,nx_total_degree,nx_betweenness,nx_closeness,nx_eigenvector,nx_pagerank,nx_pagerank_reversed,nx_community,planted_role
DST-00072,Holmes-Mcintyre,distributor,East,Automotive,Enterprise,active,0,5,5,0.0,0.0,9.810527203015464e-26,0.0003798909491624,0.000739363689896,0,none
WHS-00088,Gray-Tran,warehouse,South,Chemicals,Large,active,9,7,16,0.0086270196655118,0.17972821593623,0.0271118569432448,0.001494263486311,0.0013583145171599,1,none
WHS-00091,"Mueller, Knight and Hodge",warehouse,East,Automotive,Enterprise,active,11,5,16,0.0046736371574745,0.1799760485561089,0.0199246397677998,0.0014183740483023,0.0015126828197067,0,none
WHS-00011,Foster Inc,warehouse,East,Food_Beverage,Medium,active,3,3,6,0.0007125016648758,0.1634752384930989,0.0045368036788594,0.0008252466773517,0.0011117587659156,0,none
MFG-00112,Graham Group,manufacturer,South,Textiles,Large,active,11,6,17,0.0022347839720019,0.1594802424399929,0.0115236395544822,0.0012179914465598,0.0010886482561571,1,none
WHS-00029,Wheeler Group,warehouse,West,Automotive,Small,active,24,5,29,0.0099391456607251,0.2075677964581587,0.0607444961585048,0.0028080107623426,0.0010997826381597,3,none
DST-00177,Lopez-Curry,distributor,North,Pharmaceuticals,Medium,active,16,5,21,0.0043469272293712,0.2067785652929186,0.0870730748805565,0.0031715889025843,0.0006474517825052,4,none
DST-00064,Cisneros and Sons,distributor,West,Textiles,Medium,active,1,5,6,0.0008486106627038,0.1336459455384909,0.0042706892322454,0.000612695678814,0.0008816412375088,3,none
RET-00010,"Martinez, Cline and Wright",retailer,South,Electronics,Small,active,18,0,18,0.0,0.2213431924245962,0.1235957477959549,0.004192717403818,0.0005015832832643,1,none
SUP-00137,"Lewis, Kennedy and Santana",supplier,South,Pharmaceuticals,Enterprise,active,0,3,3,0.0,0.0,9.810527203015464e-26,0.0003798909491624,0.0008839981752591,1,none
LOG-00062,"Wilson, Sweeney and Wong",logistics_provider,North,Automotive,Enterprise,active,0,2,2,0.0,0.0,9.810527203015464e-26,0.0003798909491624,0.0006401661514125,4,none
SUP-00077,"Woods, Calhoun and Schmidt",supplier,West,Food_Beverage,Small,active,0,7,7,0.0,0.0,9.810527203015464e-26,0.0003798909491624,0.0016182702188096,3,none
DST-00187,Wilcox-Robertson,distributor,South,Textiles,Medium,active,4,7,11,0.0011521034109655,0.1473454847740914,0.0088595426278888,0.0009908053767713,0.0009051868304523,1,none
RET-00124,Crane Group,retailer,Central,Food_Beverage,Enterprise,active,4,0,4,0.0,0.165331187404579,0.027611634833298,0.0009433411773916,0.0005015832832643,2,none
RET-00089,"Flores, Mckenzie and Duncan",retailer,East,Food_Beverage,Small,active,14,0,14,0.0,0.2112680796423292,0.0638322817351525,0.0033368999821851,0.0005015832832643,0,none
RET-00050,Wright Ltd,retailer,North,Electronics,Small,active,6,0,6,0.0,0.1863710938204258,0.0444604939180641,0.0012925952529233,0.0005015832832643,4,none
SUP-00281,Garner-Thornton,supplier,East,Chemicals,Medium,active,0,4,4,0.0,0.0,9.810527203015464e-26,0.0003798909491624,0.0007788675049454,0,none
RET-00034,Rios-Padilla,retailer,South,Electronics,Large,active,6,0,6,0.0,0.1760171441637355,0.0343931733504481,0.0014636415974387,0.0005015832832643,1,none
LOG-00012,"Moore, Price and Ward",logistics_provider,East,Textiles,Medium,active,0,4,4,0.0,0.0,9.810527203015464e-26,0.0003798909491624,0.0006535654536424,0,none
MFG-00020,"Shaw, Nelson and Martin",manufacturer,North,Automotive,Enterprise,active,3,5,8,0.0006232900993706,0.1736543778777145,0.0207923586887625,0.0005398077464349,0.0009985928127273,4,none
DST-00100,Miller Ltd,distributor,West,Automotive,Small,active,4,8,12,0.0013714846689684,0.1782067591656065,0.0338398299551959,0.0009235971109612,0.0008562599206683,3,none
SUP-00175,Ramirez-Bean,supplier,North,Textiles,Medium,active,0,4,4,0.0,0.0,9.810527203015464e-26,0.0003798909491624,0.0007071634012463,4,none
MFG-00072,Davis Inc,manufacturer,West,Pharmaceuticals,Medium,active,4,8,12,0.0007471539686211,0.0041960389392413,2.070021239836262e-22,0.000810163737323,0.0015995717325411,3,none
DST-00078,Contreras-Mckinney,distributor,South,Pharmaceuticals,Large,active,4,4,8,0.0005539895468991,0.1339751903232295,0.0061674607846707,0.0009867711851918,0.0008794897198826,1,none
SUP-00211,"Pierce, Bell and Chavez",supplier,South,Electronics,Medium,active,1,8,9,0.0004974336484423,0.0010070493454179,5.6901057777489694e-24,0.0004877100278222,0.0010899539907483,1,none
SUP-00236,"Harrison, Johnson and Roberts",supplier,South,Automotive,Large,active,0,4,4,0.0,0.0,9.810527203015464e-26,0.0003798909491624,0.0007583002978818,1,none
SUP-00102,"Patterson, Smith and Jones",supplier,South,Automotive,Enterprise,active,0,8,8,0.0,0.0,9.810527203015464e-26,0.0003798909491624,0.0012470266527998,1,none
RET-00137,Gomez and Sons,retailer,Central,Electronics,Medium,active,10,0,10,0.0,0.2068992753193926,0.0609808858363231,0.0012933494508616,0.0005015832832643,2,none
RET-00053,Abbott Ltd,retailer,West,Electronics,Large,active,8,0,8,0.0,0.1713270321719118,0.0318751489635288,0.0021438354734881,0.0005015832832643,3,none
RET-00098,Oconnor PLC,retailer,West,Pharmaceuticals,Enterprise,active,9,0,9,0.0,0.2114930277826761,0.0422545771665287,0.0014411909419695,0.0005015832832643,3,none
MFG-00047,Jones PLC,manufacturer,East,Food_Beverage,Medium,active,21,8,29,0.0086773507678824,0.1910401499017714,0.0307249171851816,0.0038764323138131,0.0011054511583391,0,none
SUP-00140,Chambers and Sons,supplier,West,Automotive,Large,active,0,4,4,0.0,0.0,9.810527203015464e-26,0.0003798909491624,0.0007914383424158,3,none
DST-00172,Morris-Brewer,distributor,North,Chemicals,Large,active,1,7,8,4.132956992997437e-05,0.0055387713997985,1.0885859089737983e-20,0.0005230475095945,0.0008432481129777,4,none
DST-00050,Kelly-Norman,distributor,North,Food_Beverage,Enterprise,active,2,5,7,0.000402120356336,0.1426433119266559,0.0047596620320887,0.0007410707770438,0.0008668937049104,4,none
MFG-00071,Mcdaniel Group,manufacturer,North,Automotive,Large,active,8,6,14,0.0014545345537314,0.0081570996978851,3.1325013359228363e-22,0.0009239177621201,0.0010007099870494,4,none
SUP-00199,Ramirez Group,supplier,Central,Textiles,Small,active,0,5,5,0.0,0.0,9.810527203015464e-26,0.0003798909491624,0.0010692618579393,2,none
WHS-00038,"Shelton, Peters and Williams",warehouse,North,Pharmaceuticals,Large,active,14,3,17,0.0026663671346381,0.195680105566552,0.0592230385107193,0.0023123901551429,0.0007116711635188,4,none
DST-00135,"Patel, Erickson and Evans",distributor,Central,Food_Beverage,Enterprise,active,1,8,9,0.0001231955293548,0.0065458207452165,4.332034497035537e-21,0.00049635432807,0.00108392510336,2,none
RET-00052,"Griffith, Mitchell and Pugh",retailer,Central,Textiles,Large,active,13,0,13,0.0,0.1824868922063931,0.0615829816724405,0.0023976125668662,0.0005015832832643,2,none
SUP-00060,Gomez-Jenkins,supplier,Central,Textiles,Enterprise,active,1,2,3,7.843402279860715e-06,0.0010070493454179,5.6901057777489694e-24,0.0004284095345593,0.0007003779860766,2,none
MFG-00029,Harvey PLC,manufacturer,East,Chemicals,Enterprise,active,11,6,17,0.0004290615659329,0.01115500813386,4.083141421895036e-22,0.0010407985938379,0.0015087088994361,0,none
SUP-00097,Wagner-King,supplier,South,Food_Beverage,Small,active,0,6,6,0.0,0.0,9.810527203015464e-26,0.0003798909491624,0.0011987848457714,1,none
MFG-00013,Robinson-Lee,manufacturer,South,Electronics,Enterprise,active,7,4,11,0.0007735788365375,0.0074155451798956,6.748661662954335e-22,0.0009638225580204,0.0010869936922797,1,none
RET-00125,"Adkins, Wright and Murray",retailer,Central,Pharmaceuticals,Enterprise,active,15,0,15,0.0,0.1903247654168262,0.0534931864078786,0.0021872426602318,0.0005015832832643,2,none
SUP-00300,Harvey-Allen,supplier,West,Automotive,Enterprise,active,0,6,6,0.0,0.0,9.810527203015464e-26,0.0003798909491624,0.001395167493026,3,none
SUP-00278,Gibson-Morris,supplier,North,Pharmaceuticals,Large,active,0,4,4,0.0,0.0,9.810527203015464e-26,0.0003798909491624,0.0008115261929761,4,none
RET-00075,"Smith, Crawford and Reed",retailer,Central,Pharmaceuticals,Medium,active,3,0,3,0.0,0.1616145031027469,0.0133167077139452,0.0009375712086398,0.0005015832832643,2,none
DST-00152,Payne-Lowe,distributor,East,Chemicals,Small,active,8,5,13,0.0010243605007305,0.1926189941158356,0.0230056036584146,0.0019760696592517,0.0006812796189279,0,none
MFG-00140,King-York,manufacturer,Central,Textiles,Large,active,0,11,11,0.0,0.0,9.810527203015464e-26,0.0003798909491624,0.0012761258928712,2,none
LOG-00088,"Wagner, Simpson and Cohen",logistics_provider,East,Food_Beverage,Small,active,0,5,5,0.0,0.0,9.810527203015464e-26,0.0003798909491624,0.0009599932336648,0,none
DST-00121,"Khan, Pena and Ruiz",distributor,Central,Automotive,Small,active,6,7,13,0.003224988989127,0.171014976956093,0.0142643875583164,0.0007882038893441,0.0010363679328316,2,none
RET-00030,Pena LLC,retailer,Central,Food_Beverage,Large,active,9,0,9,0.0,0.2018005720831579,0.0866463848388284,0.0014689447972825,0.0005015832832643,4,none
SUP-00262,"Anderson, Roberts and Gilmore",supplier,West,Electronics,Small,active,1,8,9,0.000121135611326,0.0010070493454179,9.418106114894844e-24,0.0004420942637739,0.0011224027389034,3,none
DST-00129,"Mcmillan, Fischer and Gonzalez",distributor,Central,Automotive,Medium,active,3,5,8,0.0013247482068387,0.1622962327939446,0.0224295360737939,0.0007290036898673,0.0009204418940648,2,none
SUP-00024,Morales-Jones,supplier,North,Textiles,Medium,active,0,6,6,0.0,0.0,9.810527203015464e-26,0.0003798909491624,0.0009066894245149,4,none
SUP-00031,Burton Ltd,supplier,Central,Chemicals,Large,active,0,4,4,0.0,0.0,9.810527203015464e-26,0.0003798909491624,0.0010449797227596,2,none
DST-00168,Love-Garcia,distributor,South,Textiles,Large,active,8,5,13,0.0015386376649082,0.1905937944113467,0.0402343380336109,0.0025396158828251,0.000725708440861,1,none
SUP-00011,Blair PLC,supplier,South,Automotive,Small,active,0,5,5,0.0,0.0,9.810527203015464e-26,0.0003798909491624,0.0010819665923186,1,none
SUP-00222,Harrison-Alexander,supplier,Central,Electronics,Small,active,0,5,5,0.0,0.0,9.810527203015464e-26,0.0003798909491624,0.0012543188166011,2,none
LOG-00071,Ray PLC,logistics_provider,South,Automotive,Small,active,0,3,3,0.0,0.0,9.810527203015464e-26,0.0003798909491624,0.0009448854456209,1,none
SUP-00297,Howard-Jordan,supplier,East,Food_Beverage,Large,active,0,3,3,0.0,0.0,9.810527203015464e-26,0.0003798909491624,0.0006824811170533,0,none
SUP-00055,Jones Inc,supplier,South,Textiles,Small,active,0,2,2,0.0,0.0,9.810527203015464e-26,0.0003798909491624,0.0006235218913964,1,none
DST-00093,Torres and Sons,distributor,South,Pharmaceuticals,Medium,active,6,5,11,0.0059920894475927,0.1985980377554629,0.0444211644199682,0.0011320556831566,0.0007438823466051,1,none
SUP-00210,"Wood, Tran and Cooper",supplier,North,Electronics,Medium,active,0,3,3,0.0,0.0,9.810527203015464e-26,0.0003798909491624,0.0006238042204938,4,none
DST-00155,"Evans, David and Hendrix",distributor,North,Pharmaceuticals,Enterprise,active,3,3,6,6.705488200956478e-05,0.1619345318217622,0.0259793788026031,0.000746452455708,0.0005684081121397,4,none
WHS-00043,"Thomas, Ford and Brown",warehouse,Central,Automotive,Enterprise,active,9,3,12,0.0013684497074244,0.1849753832382231,0.0178670781751199,0.0012449325846591,0.0008021112658438,2,none
WHS-00013,"Brown, Mcknight and Michael",warehouse,East,Pharmaceuticals,Enterprise,active,18,4,22,0.0065745871269214,0.204254507688404,0.0312802066409905,0.0021674073039842,0.0011513555391566,0,none
RET-00017,"Smith, Schroeder and Oconnor",retailer,North,Electronics,Enterprise,active,7,0,7,0.0,0.1777759534130216,0.0504811079126749,0.0009308249098558,0.0005015832832643,4,none
SUP-00071,Gray Group,supplier,East,Chemicals,Enterprise,active,0,8,8,0.0,0.0,9.810527203015464e-26,0.0003798909491624,0.0010732378577361,0,none
DST-00094,Donovan-Perez,distributor,East,Electronics,Enterprise,active,6,4,10,0.0007705552285174,0.1748173458517147,0.0086285581577124,0.0011328137421808,0.0006744692198569,0,none
SUP-00108,Dickson-Brady,supplier,East,Electronics,Medium,active,0,7,7,0.0,0.0,9.810527203015464e-26,0.0003798909491624,0.0010497345975871,0,none
DST-00044,"Marshall, Dominguez and Welch",distributor,East,Pharmaceuticals,Medium,active,4,6,10,0.0029182381097939,0.1694167061434192,0.0198846504930058,0.0012976775655919,0.0008290458263325,0,none
DST-00141,"Williams, Castillo and Warren",distributor,South,Food_Beverage,Enterprise,active,3,5,8,0.0006420648386918,0.1699018880667667,0.0226878821312168,0.0013701328320456,0.0008183382569379,1,none
WHS-00092,Jacobson Inc,warehouse,Central,Textiles,Enterprise,active,38,4,42,0.0127352425655284,0.1857652012708372,0.0493885309182464,0.003239617508395,0.0012879066720513,2,none
SUP-00293,Bright-Francis,supplier,East,Textiles,Small,active,0,7,7,0.0,0.0,9.810527203015464e-26,0.0003798909491624,0.0009264527750514,0,none
SUP-00290,"James, Stewart and Higgins",supplier,West,Chemicals,Large,active,0,4,4,0.0,0.0,9.810527203015464e-26,0.0003798909491624,0.0008494484898671,3,none
WHS-00003,"Cox, Stark and Rodriguez",warehouse,West,Chemicals,Large,active,24,5,29,0.0225194805652775,0.1785969217472499,0.0232877129632299,0.0026853965852736,0.0008395785627119,3,none
SUP-00040,"Romero, Gonzalez and Brooks",supplier,South,Chemicals,Enterprise,active,0,6,6,0.0,0.0,9.810527203015464e-26,0.0003798909491624,0.0009359553076102,1,none
DST-00140,"Patton, Parsons and Lane",distributor,West,Food_Beverage,Large,active,5,4,9,0.000460077949932,0.1920209887173229,0.0378415721249141,0.0011966538997155,0.0006178895700014,3,none
MFG-00008,Armstrong-Andrews,manufacturer,East,Textiles,Medium,active,17,5,22,0.0051259379298778,0.1969795206955783,0.0326209699345337,0.0026703771697317,0.0010929377995174,0,none
WHS-00030,"Powers, Brennan and Sanchez",warehouse,West,Electronics,Medium,active,11,6,17,0.0033029491108709,0.1857652012708372,0.0325085678168892,0.001330159610644,0.0011380128521215,3,none
SUP-00067,Williams PLC,supplier,Central,Pharmaceuticals,Small,active,0,8,8,0.0,0.0,9.810527203015464e-26,0.0003798909491624,0.0009356390914933,2,none
SUP-00276,"Burns, Hernandez and Ryan",supplier,North,Food_Beverage,Enterprise,active,0,7,7,0.0,0.0,9.810527203015464e-26,0.0003798909491624,0.0016115208792703,4,none
SUP-00068,Novak and Sons,supplier,North,Chemicals,Small,active,0,5,5,0.0,0.0,9.810527203015464e-26,0.0003798909491624,0.000963409928406,4,none
MFG-00019,Buchanan LLC,manufacturer,West,Pharmaceuticals,Medium,active,4,3,7,0.001346708302548,0.1548263705965483,0.0112028882732914,0.0007707185169163,0.0006536978584852,3,none
DST-00099,"Morgan, Bradshaw and Williams",distributor,West,Electronics,Medium,active,4,4,8,0.0037929660339227,0.1927897051889072,0.0202216723539961,0.0010258405508028,0.0007109580764793,3,none
RET-00149,"Robinson, Huang and Osborne",retailer,South,Chemicals,Large,active,21,0,21,0.0,0.2209502724232213,0.1119880687126624,0.0028540998322332,0.0005015832832643,1,none
WHS-00065,"Pena, Cohen and Scott",warehouse,East,Automotive,Medium,active,35,3,38,0.003548554411344,0.2300293098570501,0.1022064805461754,0.0036948168698478,0.0006572235895263,0,none
LOG-00004,Peterson PLC,logistics_provider,East,Food_Beverage,Medium,active,0,2,2,0.0,0.0,9.810527203015464e-26,0.0003798909491624,0.0009351488979398,0,none
MFG-00028,Rodriguez-Hall,manufacturer,South,Food_Beverage,Small,active,9,50,59,0.0233647433542863,0.1774797802731713,0.0129196570319906,0.0012378976124217,0.0069165450061402,1,hub
MFG-00083,"Austin, Day and Johnson",manufacturer,Central,Food_Beverage,Large,active,2,13,15,0.0006371200360856,0.0020140986908358,1.5010106620613666e-23,0.0006242808607913,0.0016507782397814,2,none
DST-00002,Stanley PLC,distributor,East,Automotive,Large,active,1,7,8,0.0014234353075615,0.159870933871742,0.0149530240491959,0.0004442709562924,0.0008530258128223,0,none
DST-00073,Green LLC,distributor,South,Textiles,Small,active,5,7,12,0.0005055375233716,0.1574790424865953,0.0106550036521539,0.0010197745353805,0.0009241337124426,1,none
SUP-00219,Williams-Brown,supplier,West,Chemicals,Medium,active,0,2,2,0.0,0.0,9.810527203015464e-26,0.0003798909491624,0.0006234295526073,3,none
LOG-00038,Benton Group,logistics_provider,North,Chemicals,Medium,active,0,6,6,0.0,0.0,9.810527203015464e-26,0.0003798909491624,0.0014524963123896,4,none
MFG-00137,Ortiz-Morgan,manufacturer,North,Electronics,Enterprise,active,9,3,12,0.0005399087617255,0.1689342873581286,0.0160177238529327,0.001276202399921,0.0008438409984301,4,none
LOG-00015,Miller Group,logistics_provider,West,Chemicals,Enterprise,active,0,6,6,0.0,0.0,9.810527203015464e-26,0.0003798909491624,0.0012552320664298,3,none
SUP-00089,Suarez LLC,supplier,West,Automotive,Enterprise,active,0,5,5,0.0,0.0,9.810527203015464e-26,0.0003798909491624,0.0010867951047802,3,none
SUP-00064,"West, Henderson and Ramirez",supplier,North,Pharmaceuticals,Medium,active,0,7,7,0.0,0.0,9.810527203015464e-26,0.0003798909491624,0.0012074685044763,4,none
LOG-00077,"Mccarthy, Evans and Mendez",logistics_provider,West,Pharmaceuticals,Large,active,0,1,1,0.0,0.0,9.810527203015464e-26,0.0003798909491624,0.0008544593188188,3,none
WHS-00067,Murray-Oconnor,warehouse,East,Textiles,Large,active,2,5,7,0.0020603106924984,0.1539497881727886,0.0054286656271753,0.0005733364830286,0.0010683189962978,0,none
MFG-00052,Guerrero Inc,manufacturer,West,Textiles,Medium,active,1,6,7,2.323290684561516e-05,0.0010070493454179,1.1282106283467784e-23,0.0004445823963583,0.001028461717396,3,none
RET-00087,Tran Ltd,retailer,South,Chemicals,Small,active,10,0,10,0.0,0.187239699072673,0.0460910220203374,0.0016919122729897,0.0005015832832643,1,none
SUP-00257,Cordova Group,supplier,Central,Automotive,Medium,active,0,4,4,0.0,0.0,9.810527203015464e-26,0.0003798909491624,0.0009237882733629,2,none
DST-00186,Thompson Ltd,distributor,West,Food_Beverage,Large,active,8,4,12,0.0009363437038499,0.1825946144556382,0.0234733712779508,0.0010922964345388,0.0006980006281351,3,none
DST-00195,Sullivan PLC,distributor,East,Textiles,Small,active,5,5,10,0.000605940769766,0.1706125887750199,0.024686389312192,0.0019209845151302,0.0006762174202287,0,none
DST-00105,Evans-Jones,distributor,North,Chemicals,Large,active,8,4,12,0.0087415540931122,0.2033634004563574,0.06150888027408,0.0019774052492551,0.0008417824343218,4,none
RET-00110,Bates-Anderson,retailer,West,Textiles,Enterprise,active,8,0,8,0.0,0.2070107883649019,0.0772066681955145,0.0013978491771424,0.0005015832832643,4,none
SUP-00169,"Yates, Ramsey and Pittman",supplier,West,Textiles,Small,active,0,5,5,0.0,0.0,9.810527203015464e-26,0.0003798909491624,0.0007877224350735,3,none
RET-00068,Herrera Group,retailer,West,Chemicals,Medium,active,2,0,2,0.0,0.1600723045167407,0.0105651087754143,0.0006590680707508,0.0005015832832643,3,none
DST-00079,"Daniels, Vance and York",distributor,West,Pharmaceuticals,Medium,active,5,7,12,0.002081415103328,0.1309901951153053,0.0012678711569575,0.0014553292503545,0.0007536170013855,3,none
RET-00136,Reyes Group,retailer,West,Pharmaceuticals,Small,active,1,0,1,0.0,0.1419122578221083,0.0029012795473322,0.0004570944783689,0.0005015832832643,3,none
LOG-00067,Foster-Mclaughlin,logistics_provider,South,Food_Beverage,Small,active,0,4,4,0.0,0.0,9.810527203015464e-26,0.0003798909491624,0.0007477274189249,1,none
SUP-00087,"Ferrell, Jones and Lewis",supplier,South,Food_Beverage,Small,active,0,5,5,0.0,0.0,9.810527203015464e-26,0.0003798909491624,0.0011891562642423,1,none
MFG-00133,Hayes LLC,manufacturer,West,Food_Beverage,Small,active,5,5,10,0.0002659836537047,0.0050352467270896,2.4330107463478352e-23,0.0006112612731889,0.0010004795508309,3,none
SUP-00185,Rodriguez-Johnson,supplier,East,Automotive,Small,active,0,5,5,0.0,0.0,9.810527203015464e-26,0.0003798909491624,0.0010595547604462,0,none
RET-00129,Aguilar LLC,retailer,East,Pharmaceuticals,Medium,active,10,0,10,0.0,0.2000121619866052,0.0416942323018414,0.0011845288549371,0.0005015832832643,0,none
DST-00085,Salazar Inc,distributor,West,Electronics,Enterprise,active,5,5,10,0.0026372989840841,0.1675033757865634,0.0134120135040996,0.0019672194823244,0.0007883404762051,3,none
SUP-00295,"Brennan, Wallace and Benson",supplier,East,Pharmaceuticals,Enterprise,active,0,6,6,0.0,0.0,9.810527203015464e-26,0.0003798909491624,0.0008627862883794,0,none
RET-00043,Jones PLC,retailer,West,Chemicals,Medium,active,2,0,2,0.0,0.1510192771375622,0.0115413065061724,0.0005506695929658,0.0005015832832643,3,none
MFG-00126,"Brown, Romero and Collins",manufacturer,South,Automotive,Large,active,10,7,17,0.0022533629838352,0.1512733314938459,0.0082735314545139,0.0015279145330099,0.0014523933215561,1,none
WHS-00064,Hudson-Sanchez,warehouse,Central,Automotive,Medium,active,21,4,25,0.0044892061645592,0.1929607191201807,0.0467739356395284,0.0023231490002512,0.0008607577261438,2,none
SUP-00261,Wolf-Harris,supplier,South,Electronics,Large,active,1,6,7,0.0002231916338456,0.0010070493454179,5.6901057777489694e-24,0.0004545349266961,0.0007826071261859,1,none
SUP-00238,"Hall, Baker and Moody",supplier,Central,Electronics,Medium,active,0,4,4,0.0,0.0,9.810527203015464e-26,0.0003798909491624,0.0008473734726733,2,none
DST-00110,Anderson-Wood,distributor,South,Pharmaceuticals,Enterprise,active,1,5,6,0.0004851324954636,0.1294314065974714,0.0005823508453197,0.0004525221113844,0.0007923570066491,1,none
DST-00134,"Kirby, Wheeler and Romero",distributor,North,Automotive,Large,active,2,3,5,0.0003382708782094,0.1401316624574728,0.0046597475299695,0.0009075526993968,0.0007276380676248,4,none
MFG-00146,"Osborn, Gaines and Davis",manufacturer,South,Electronics,Large,active,12,5,17,0.001494761726328,0.1318902894228882,0.0027187187933084,0.001016859745284,0.0014681633479972,1,dependent_manufacturer
RET-00018,"Stanton, Reid and Terry",retailer,West,Food_Beverage,Enterprise,active,9,0,9,0.0,0.206759104399142,0.0662614407773773,0.0012753357146871,0.0005015832832643,3,none
LOG-00051,Garcia and Sons,logistics_provider,South,Chemicals,Small,active,0,2,2,0.0,0.0,9.810527203015464e-26,0.0003798909491624,0.0006564262085831,1,none
DST-00150,Fox-Edwards,distributor,East,Food_Beverage,Small,active,0,6,6,0.0,0.0,9.810527203015464e-26,0.0003798909491624,0.0007454117852315,0,none
LOG-00100,Gonzales Inc,logistics_provider,North,Electronics,Enterprise,active,0,4,4,0.0,0.0,9.810527203015464e-26,0.0003798909491624,0.0009483173427636,4,none
SUP-00266,Gay Inc,supplier,North,Pharmaceuticals,Small,active,0,13,13,0.0,0.0,9.810527203015464e-26,0.0003798909491624,0.0014477196892022,4,none
RET-00146,Castillo-Harrington,retailer,East,Electronics,Enterprise,active,13,0,13,0.0,0.2329804188824435,0.1238273753297552,0.0022715769017394,0.0005015832832643,0,none
DST-00080,"Mckinney, Graves and Thompson",distributor,South,Pharmaceuticals,Small,active,9,6,15,0.001489373405269,0.1813766403736662,0.0274091428811914,0.0023145334498518,0.0007922332755486,1,none
SUP-00056,Jones-Young,supplier,North,Chemicals,Enterprise,active,1,4,5,4.619228158295988e-05,0.0010070493454179,3.826105609176031e-24,0.0004080176653346,0.0007246432305152,4,none
SUP-00121,White-Estes,supplier,South,Chemicals,Enterprise,active,0,7,7,0.0,0.0,9.810527203015464e-26,0.0003798909491624,0.0009598070311051,1,none
SUP-00216,"Carlson, Hooper and Wall",supplier,South,Automotive,Small,active,0,2,2,0.0,0.0,9.810527203015464e-26,0.0003798909491624,0.0006726573428722,1,none
SUP-00026,Wilkerson-Day,supplier,South,Food_Beverage,Enterprise,active,1,5,6,0.0004903274534645,0.0010070493454179,5.6901057777489694e-24,0.0005185154788679,0.0010854193794268,1,none
SUP-00073,Henderson-Bernard,supplier,Central,Textiles,Enterprise,active,1,6,7,0.0002003148682682,0.0010070493454179,1.1282106283467784e-23,0.000468106558975,0.0010909484166252,2,none
SUP-00045,"Arroyo, Miller and Tucker",supplier,East,Electronics,Large,active,0,9,9,0.0,0.0,9.810527203015464e-26,0.0003798909491624,0.00183084661993,0,none
SUP-00248,"Matthews, Smith and Hubbard",supplier,East,Automotive,Large,active,0,4,4,0.0,0.0,9.810527203015464e-26,0.0003798909491624,0.0007067661271605,0,none
WHS-00072,Duran Group,warehouse,East,Chemicals,Enterprise,active,10,3,13,0.0026731304818256,0.1897073116466427,0.0621775926945547,0.001228555438166,0.0009790939017568,0,none
SUP-00282,Hughes-Alvarado,supplier,West,Electronics,Medium,active,0,6,6,0.0,0.0,9.810527203015464e-26,0.0003798909491624,0.0011862123933623,3,none
RET-00044,Bishop and Sons,retailer,West,Automotive,Large,active,1,0,1,0.0,0.1520017445538846,0.0062530280629935,0.0004164817459316,0.0005015832832643,1,none
RET-00065,"Wang, Henderson and Morales",retailer,East,Electronics,Enterprise,active,8,0,8,0.0,0.1888395851293056,0.0360236234104847,0.0017348074819127,0.0005015832832643,0,none
LOG-00061,"Chavez, Jones and Williams",logistics_provider,West,Textiles,Enterprise,active,0,2,2,0.0,0.0,9.810527203015464e-26,0.0003798909491624,0.0008992744745864,3,none
SUP-00245,"Fernandez, Kim and George",supplier,West,Textiles,Large,active,0,11,11,0.0,0.0,9.810527203015464e-26,0.0003798909491624,0.001522519071072,3,critical_supplier
LOG-00073,Wilson-Lambert,logistics_provider,Central,Chemicals,Medium,active,0,3,3,0.0,0.0,9.810527203015464e-26,0.0003798909491624,0.0019241986387173,2,none
MFG-00022,Brock-Mcdonald,manufacturer,North,Automotive,Large,active,10,6,16,0.0017824784779386,0.010154414232964,4.884661494381398e-22,0.001143008096676,0.001043323075362,4,none
DST-00194,"Young, Contreras and Marshall",distributor,Central,Automotive,Medium,active,6,8,14,0.0022580767249327,0.1725067808787869,0.0417509844180803,0.0011067517785621,0.0009987925846252,2,none
SUP-00159,Mccarthy Inc,supplier,West,Textiles,Small,active,0,4,4,0.0,0.0,9.810527203015464e-26,0.0003798909491624,0.0009464098746274,3,none
RET-00128,Parks-Pace,retailer,Central,Pharmaceuticals,Enterprise,active,3,0,3,0.0,0.1489222646391803,0.0081228814186131,0.0006561666229107,0.0005015832832643,2,none
MFG-00130,Ford-Spencer,manufacturer,Central,Chemicals,Medium,active,12,8,20,0.0018021428455771,0.012588116817724,8.89226185681321e-22,0.0012819246784022,0.0019941786592304,2,none
RET-00092,Finley Inc,retailer,West,Automotive,Enterprise,active,11,0,11,0.0,0.2002496200060971,0.0595437626546175,0.0015826073557807,0.0005015832832643,3,none
DST-00013,"Taylor, Wright and Davidson",distributor,East,Food_Beverage,Enterprise,active,4,6,10,0.0029698319611897,0.2011072887717877,0.0328435680441207,0.0014503641277149,0.0007158662980984,0,none
MFG-00010,Smith-Grimes,manufacturer,North,Electronics,Medium,active,9,7,16,0.0017215076580163,0.0091549940492538,3.412101361208777e-22,0.0011133704952142,0.0019701004534333,4,none
WHS-00048,"Calderon, Williams and Bennett",warehouse,East,Chemicals,Medium,active,3,0,3,0.0,0.1416664158856473,0.0068585018898469,0.0006037678247718,0.0005015832832643,0,none
SUP-00061,"Brown, Valdez and Lucas",supplier,South,Textiles,Medium,active,0,3,3,0.0,0.0,9.810527203015464e-26,0.0003798909491624,0.0007852546224735,1,none
RET-00035,Lewis Inc,retailer,Central,Textiles,Enterprise,active,10,0,10,0.0,0.1743175516102801,0.0193565722642428,0.0013167499980233,0.0005015832832643,2,none
DST-00146,Shaw-Carr,distributor,North,Electronics,Large,active,4,5,9,0.0027935862386217,0.1821868096215664,0.0474622219417721,0.001991124294936,0.0007629823209468,4,none
LOG-00018,"Davis, George and Nguyen",logistics_provider,Central,Food_Beverage,Large,active,0,4,4,0.0,0.0,9.810527203015464e-26,0.0003798909491624,0.0016354742446549,2,none
DST-00200,Todd-Pham,distributor,North,Electronics,Large,active,2,3,5,0.0005406491575896,0.1654647951481874,0.0206289417017976,0.0010212156372979,0.0006120454646764,4,none
WHS-00001,Gill Ltd,warehouse,South,Textiles,Enterprise,active,4,4,8,0.0009389003971852,0.127609141975841,0.0021056750179599,0.0008294281259057,0.000694451258512,1,none
RET-00016,Gibson-Freeman,retailer,South,Automotive,Small,active,5,0,5,0.0,0.1654072835193136,0.0195616383155825,0.0011227182809199,0.0005015832832643,1,none
WHS-00019,Miller-Brandt,warehouse,South,Pharmaceuticals,Enterprise,active,11,1,12,1.2234857918758125e-05,0.1406777947563446,0.0110666577121481,0.001408038131391,0.0005571319805662,1,none
SUP-00299,"Sparks, Jackson and Miller",supplier,South,Automotive,Enterprise,active,0,2,2,0.0,0.0,9.810527203015464e-26,0.0003798909491624,0.0009752336270548,1,none
WHS-00040,"Flores, Butler and Hernandez",warehouse,South,Textiles,Medium,active,12,4,16,0.0047063492599379,0.1811752226719742,0.0302978283907582,0.0014645943596834,0.0010128292697733,1,none
MFG-00015,"Becker, Taylor and Davis",manufacturer,West,Chemicals,Large,active,5,4,9,0.0001815554275194,0.0062746920752963,1.4446982359160568e-21,0.0007504251792224,0.0016878772492958,3,none
MFG-00011,"Beltran, Lozano and Mcgee",manufacturer,South,Automotive,Small,active,7,5,12,0.0003275297672015,0.0071612397896385,3.0020213241227327e-22,0.0008348806952249,0.0010282349912923,1,none
MFG-00062,Lam LLC,manufacturer,East,Electronics,Enterprise,active,12,12,24,0.0094862706420857,0.1879588571614202,0.0155705207447064,0.0016742334160235,0.0016773001088773,0,none
DST-00030,Barnes PLC,distributor,North,Automotive,Enterprise,active,3,5,8,0.006110936022721,0.1853957818364918,0.0372340899235736,0.0020170487691691,0.0008668151835547,4,none
SUP-00111,Patton-Jenkins,supplier,Central,Chemicals,Small,active,1,5,6,0.0002094218707876,0.0010070493454179,5.6901057777489694e-24,0.0004492032140152,0.0010605997075106,2,none
RET-00140,Holland Group,retailer,South,Food_Beverage,Enterprise,active,9,0,9,0.0,0.2070957608610064,0.0658015722990753,0.0016033246067206,0.0005015832832643,1,none
DST-00037,"Hartman, Romero and Smith",distributor,Central,Electronics,Enterprise,active,5,6,11,0.0011376535370355,0.1748173458517147,0.0266027760726947,0.0009946630919092,0.0007962219687317,2,none
MFG-00064,"Kelley, Nguyen and Vang",manufacturer,Central,Chemicals,Enterprise,active,2,6,8,0.0004393246627772,0.0022658610271903,1.4549011842071934e-22,0.000546296347557,0.0012589047084579,2,none
SUP-00255,Roberts-Landry,supplier,East,Electronics,Medium,active,0,5,5,0.0,0.0,9.810527203015464e-26,0.0003798909491624,0.0008030574159442,0,none
SUP-00260,Dean-Jimenez,supplier,West,Food_Beverage,Large,active,0,6,6,0.0,0.0,9.810527203015464e-26,0.0003798909491624,0.0012319327066607,3,none
LOG-00053,Griffin Group,logistics_provider,Central,Pharmaceuticals,Small,active,0,3,3,0.0,0.0,9.810527203015464e-26,0.0003798909491624,0.0007290677954038,2,none
WHS-00028,Allen Inc,warehouse,East,Chemicals,Large,active,6,8,14,0.0073666286710961,0.1758537192305176,0.030227001415336,0.000968498402529,0.0015351572076477,0,none
DST-00045,Brown Group,distributor,Central,Pharmaceuticals,Small,active,7,8,15,0.0009888379161203,0.1336733207833779,0.0060582397183574,0.0010381926160935,0.0009003280460847,2,none
WHS-00021,"Long, Anderson and Irwin",warehouse,East,Food_Beverage,Small,active,17,6,23,0.008429109040175,0.2016043101836426,0.0322622945667766,0.001937660360995,0.0015304056733812,0,none
MFG-00078,Bell-Lane,manufacturer,South,Pharmaceuticals,Enterprise,active,3,8,11,0.0005562413210503,0.0030211480362537,2.6194107632051285e-23,0.000575855625246,0.001280644927929,1,none
DST-00077,Osborn-Cochran,distributor,North,Automotive,Large,active,5,5,10,0.0003564958861549,0.1668066059561242,0.0178516248235767,0.0016937591492868,0.0007438781414011,4,none
LOG-00096,Weaver-Sherman,logistics_provider,West,Pharmaceuticals,Large,active,0,2,2,0.0,0.0,9.810527203015464e-26,0.0003798909491624,0.00059123730033,3,none
SUP-00138,"Jackson, Miller and Robertson",supplier,East,Automotive,Medium,active,0,3,3,0.0,0.0,9.810527203015464e-26,0.0003798909491624,0.0009701410020358,0,none
MFG-00056,Strickland-Palmer,manufacturer,North,Food_Beverage,Large,active,6,7,13,0.0010080663968103,0.0061681772406847,2.0513812381505337e-22,0.0009981127172687,0.0010318489171789,4,none
MFG-00066,"Wilson, Pena and Rich",manufacturer,South,Chemicals,Medium,active,5,5,10,0.0019875829621719,0.1476455095168441,0.00712530301129,0.0007978639855687,0.0010614715197686,1,none
RET-00093,Cline-Ayala,retailer,West,Chemicals,Medium,active,4,0,4,0.0,0.1894943308737586,0.0509223997658318,0.0013746167144781,0.0005015832832643,3,none
WHS-00100,"Allen, Davenport and Price",warehouse,West,Textiles,Large,active,16,2,18,0.0011731039505343,0.186508474439683,0.0262349617912189,0.0013855334859201,0.0007697934180497,3,none
RET-00099,Hernandez Group,retailer,East,Food_Beverage,Small,active,15,0,15,0.0,0.1961665692833341,0.0598885570033292,0.0020807438429477,0.0005015832832643,0,none
LOG-00080,Brooks and Sons,logistics_provider,West,Pharmaceuticals,Medium,active,0,3,3,0.0,0.0,9.810527203015464e-26,0.0003798909491624,0.0034985606390764,0,none
WHS-00007,"Burns, Nolan and Griffin",warehouse,South,Food_Beverage,Enterprise,active,11,7,18,0.0084472556876965,0.2121564213473508,0.0490558032951954,0.0015352846112049,0.0013273612435065,1,none
SUP-00200,Christensen PLC,supplier,West,Textiles,Small,active,1,7,8,3.6596501289879134e-05,0.0010070493454179,3.826105609176031e-24,0.0004338004884923,0.0014696726201171,3,none
SUP-00214,"Tapia, Vaughn and Lee",supplier,West,Chemicals,Large,active,0,4,4,0.0,0.0,9.810527203015464e-26,0.0003798909491624,0.0006821585257698,3,none
MFG-00109,Jackson-Meza,manufacturer,South,Pharmaceuticals,Large,active,6,5,11,0.001575839077637,0.1427369099003611,0.0069188700392281,0.0008988828395696,0.0010476944643081,1,none
MFG-00033,Torres Group,manufacturer,North,Food_Beverage,Small,active,8,8,16,0.0040701374144945,0.175098779732882,0.0134794524815586,0.0010839804143849,0.0018649283799499,4,none
SUP-00209,Holt-Torres,supplier,South,Chemicals,Small,active,0,4,4,0.0,0.0,9.810527203015464e-26,0.0003798909491624,0.0008464697620477,1,none
DST-00164,"Nelson, Hoffman and Nelson",distributor,South,Electronics,Small,active,5,6,11,0.0029995706534076,0.1864551863041289,0.0247643106063531,0.0010684550835928,0.0007544617774371,1,none
SUP-00079,Jones Inc,supplier,East,Electronics,Medium,active,0,6,6,0.0,0.0,9.810527203015464e-26,0.0003798909491624,0.0010723439865112,0,none
SUP-00030,"Snyder, Campos and Callahan",supplier,East,Electronics,Medium,active,0,3,3,0.0,0.0,9.810527203015464e-26,0.0003798909491624,0.0006641954471464,0,none
DST-00086,Parker Ltd,distributor,East,Chemicals,Medium,active,2,5,7,0.0001397831921551,0.1533916784431229,0.0115371270548872,0.0010554789976579,0.0007027677856962,0,none
WHS-00046,Rivera Inc,warehouse,North,Food_Beverage,Large,active,5,1,6,7.766055939966867e-06,0.1707242976408975,0.0210313494900558,0.000761026350496,0.0005396076891555,4,none
DST-00108,Edwards Ltd,distributor,West,Food_Beverage,Small,active,11,7,18,0.006985668596458,0.1780123164387482,0.0186915507476709,0.0017605345508036,0.000847012228652,3,none
LOG-00087,Lee Group,logistics_provider,East,Pharmaceuticals,Large,active,0,3,3,0.0,0.0,9.810527203015464e-26,0.0003798909491624,0.0014998718913761,0,none
DST-00147,Salas-Fitzgerald,distributor,East,Automotive,Enterprise,active,0,30,30,0.0,0.0,9.810527203015464e-26,0.0003798909491624,0.0030512668997923,0,hub
SUP-00166,Medina-Navarro,supplier,North,Pharmaceuticals,Large,active,0,9,9,0.0,0.0,9.810527203015464e-26,0.0003798909491624,0.0014365745250567,4,none
RET-00069,"Walters, Davenport and Becker",retailer,East,Automotive,Medium,active,9,0,9,0.0,0.2036769811037511,0.0454065827515048,0.0015720102125681,0.0005015832832643,0,none
DST-00046,Carter Inc,distributor,South,Chemicals,Enterprise,active,8,5,13,0.0010976880705731,0.1882634557006962,0.0264833859437045,0.0015224002434474,0.000832803412494,1,none
LOG-00075,"Price, Long and Wilson",logistics_provider,Central,Textiles,Small,active,0,5,5,0.0,0.0,9.810527203015464e-26,0.0003798909491624,0.0024141416025241,2,none
SUP-00066,Morton-Chase,supplier,Central,Textiles,Medium,active,1,5,6,2.849245795839695e-05,0.0010070493454179,9.418106114894844e-24,0.0004472778733248,0.0012260234100082,2,none
SUP-00142,Riggs PLC,supplier,Central,Food_Beverage,Large,active,1,4,5,0.0001967585151738,0.0010070493454179,7.554105946321909e-24,0.0004723073022994,0.0013122834577932,2,none
RET-00076,"Logan, Le and Jackson",retailer,Central,Electronics,Enterprise,active,14,0,14,0.0,0.1938990837462713,0.0480412080184094,0.0017249986516103,0.0005015832832643,2,none
LOG-00078,Powers LLC,logistics_provider,East,Electronics,Medium,active,0,5,5,0.0,0.0,9.810527203015464e-26,0.0003798909491624,0.0009070796520977,0,none
WHS-00006,Wilson-Harris,warehouse,North,Chemicals,Small,active,9,3,12,0.0044935872378818,0.2033634004563574,0.044140049640106,0.0016633993023939,0.0010190198817298,4,none
MFG-00032,"Turner, Ortiz and Taylor",manufacturer,Central,Textiles,Large,active,16,7,23,0.0032198894099601,0.1702564967556616,0.0337807650918583,0.0026927587392812,0.0010080921270592,2,none
WHS-00015,Mitchell and Sons,warehouse,South,Pharmaceuticals,Small,active,0,10,10,0.0,0.0,9.810527203015464e-26,0.0003798909491624,0.0013192500637088,1,none
SUP-00250,Ruiz Ltd,supplier,East,Electronics,Medium,active,0,5,5,0.0,0.0,9.810527203015464e-26,0.0003798909491624,0.000876223657059,0,none
RET-00058,"Wheeler, Rice and Levine",retailer,West,Pharmaceuticals,Small,active,11,0,11,0.0,0.194322927156764,0.036240192424363,0.0019188344659185,0.0005015832832643,3,none
WHS-00059,"Harrison, Franco and Rocha",warehouse,West,Textiles,Enterprise,active,12,4,16,0.0007892068985505,0.1555645177746009,0.0167324380071675,0.0013375949821251,0.0008241097175068,3,none
MFG-00006,Bruce-Gonzalez,manufacturer,Central,Automotive,Enterprise,active,15,5,20,0.0037547296834201,0.1525463188556454,0.0162259615636642,0.0017877895204466,0.0011310721128386,2,none
WHS-00085,Branch and Sons,warehouse,Central,Chemicals,Small,active,23,4,27,0.0088514115346873,0.1990827187505952,0.0527587416628499,0.0026226323366521,0.0009472712061516,2,none
RET-00126,Martinez Inc,retailer,West,Pharmaceuticals,Enterprise,active,1,0,1,0.0,0.1553956077339476,0.0103451315827143,0.0004241771530395,0.0005015832832643,2,none
SUP-00050,"Harris, Collins and Carney",supplier,South,Automotive,Medium,active,0,5,5,0.0,0.0,9.810527203015464e-26,0.0003798909491624,0.0009048781536894,1,none
RET-00047,Miller Inc,retailer,East,Electronics,Medium,active,11,0,11,0.0,0.1960071366270408,0.0485944411369703,0.0020336148585958,0.0005015832832643,0,none
SUP-00003,"Mcclain, Miller and Henderson",supplier,North,Chemicals,Small,active,0,2,2,0.0,0.0,9.810527203015464e-26,0.0003798909491624,0.0006969367210193,4,none
DST-00095,"Jacobson, Singleton and King",distributor,East,Textiles,Small,active,3,4,7,0.0004850714421826,0.1790870340462269,0.023665252246418,0.0012809194727467,0.0006803601124441,0,none
MFG-00051,Fernandez and Sons,manufacturer,Central,Food_Beverage,Medium,active,3,6,9,0.0001313918052563,0.0032225579053373,4.474581457295352e-22,0.0006507896243856,0.0012209731679828,2,none
RET-00055,Adkins LLC,retailer,Central,Pharmaceuticals,Medium,active,12,0,12,0.0,0.1819250705004378,0.0546817553867878,0.0018470927103715,0.0005015832832643,2,none
DST-00087,"Mendoza, Jenkins and Ortiz",distributor,West,Textiles,Large,active,6,5,11,0.0013321292605068,0.187742563885055,0.0465450924633964,0.0018196911312218,0.0009657834581224,3,none
MFG-00045,"Harper, Smith and Buchanan",manufacturer,North,Electronics,Large,active,4,5,9,0.0007791820715501,0.150749168876057,0.0059602117988718,0.001277013372424,0.0010675962079997,4,none
RET-00145,Mayo Ltd,retailer,West,Electronics,Medium,active,7,0,7,0.0,0.2157702864643533,0.0784163856694717,0.0015308048227776,0.0005015832832643,4,none
DST-00032,Carlson-Smith,distributor,East,Electronics,Enterprise,active,1,5,6,8.202998613307924e-05,0.1402521281032561,0.0023054400821074,0.000520770803751,0.0006533056700127,0,none
DST-00126,"Cole, Pierce and Bryan",distributor,East,Pharmaceuticals,Small,active,5,4,9,0.0013948048098975,0.1749579496151343,0.0105457499922719,0.0012278561773343,0.0006992282749705,0,none
SUP-00034,Frazier Inc,supplier,South,Automotive,Medium,active,0,5,5,0.0,0.0,9.810527203015464e-26,0.0003798909491624,0.0008068668335608,1,none
SUP-00032,Carlson-Cruz,supplier,South,Chemicals,Enterprise,active,2,5,7,0.0006006894417493,0.0020140986908358,1.3146106452040725e-23,0.0005618356444008,0.0011872598067115,1,none
SUP-00232,"Choi, Garcia and Farmer",supplier,East,Food_Beverage,Medium,active,0,8,8,0.0,0.0,9.810527203015464e-26,0.0003798909491624,0.0009610173949929,0,none
RET-00114,Taylor PLC,retailer,East,Automotive,Medium,active,7,0,7,0.0,0.2066288214096025,0.086069628482359,0.0016344109796236,0.0005015832832643,0,none
SUP-00193,Short-Garcia,supplier,North,Automotive,Large,active,1,3,4,1.8084339673670635e-05,0.0010070493454179,3.826105609176031e-24,0.0004139390792655,0.0006335906416404,4,none
MFG-00034,Davis PLC,manufacturer,Central,Food_Beverage,Small,active,10,4,14,0.0009149278183169,0.0117183923830449,1.9572982822736148e-21,0.0010921905361082,0.0007728298831527,2,dependent_manufacturer
SUP-00004,Davis and Sons,supplier,Central,Food_Beverage,Small,active,0,6,6,0.0,0.0,9.810527203015464e-26,0.0003798909491624,0.000947733648783,2,none
SUP-00205,Miller Ltd,supplier,East,Automotive,Enterprise,active,0,6,6,0.0,0.0,9.810527203015464e-26,0.0003798909491624,0.0009602081819842,0,none
DST-00065,"Gregory, Kim and Martinez",distributor,East,Automotive,Large,active,10,7,17,0.0017678652496275,0.2083630753717915,0.0451134095941246,0.0018383864039077,0.0007122447591843,0,none
LOG-00050,Sheppard-Jordan,logistics_provider,Central,Chemicals,Small,active,0,1,1,0.0,0.0,9.810527203015464e-26,0.0003798909491624,0.0005948852384213,0,none
MFG-00007,Castaneda-Rodriguez,manufacturer,West,Electronics,Medium,active,5,11,16,0.0003379209059161,0.0050352467270896,3.7378108643488943e-23,0.0006160691959144,0.0014544339416334,3,dependent_manufacturer
SUP-00110,Johnson-Doyle,supplier,West,Textiles,Large,active,0,6,6,0.0,0.0,9.810527203015464e-26,0.0003798909491624,0.0009513373515733,3,none
MFG-00131,"Huang, Cole and Pacheco",manufacturer,West,Food_Beverage,Medium,active,16,54,70,0.0288291543183905,0.157327182272047,0.0096944006621973,0.0018499714450862,0.0062454308151665,3,hub
SUP-00078,Yu Inc,supplier,North,Electronics,Enterprise,active,0,2,2,0.0,0.0,9.810527203015464e-26,0.0003798909491624,0.0007800803584137,4,none
SUP-00085,"Evans, Stewart and Walton",supplier,North,Pharmaceuticals,Medium,active,0,6,6,0.0,0.0,9.810527203015464e-26,0.0003798909491624,0.0009590074224755,4,none
SUP-00287,"Booker, Jones and Harrington",supplier,East,Chemicals,Enterprise,active,0,8,8,0.0,0.0,9.810527203015464e-26,0.0003798909491624,0.001157638719153,0,none
SUP-00083,Donovan-Harris,supplier,North,Food_Beverage,Small,active,1,4,5,2.8632101681755717e-05,0.0010070493454179,9.418106114894844e-24,0.0004338004884923,0.0008616474437203,4,none
RET-00142,Ramirez and Sons,retailer,Central,Electronics,Large,active,15,0,15,0.0,0.2084306231951738,0.0947543263674892,0.0030803952263612,0.0005015832832643,2,none
LOG-00040,Fuentes Group,logistics_provider,Central,Food_Beverage,Medium,active,0,3,3,0.0,0.0,9.810527203015464e-26,0.0003798909491624,0.0007825236377617,2,none
RET-00045,Bell-Lewis,retailer,North,Electronics,Small,active,13,0,13,0.0,0.1916539681923081,0.0504296838182144,0.0027249001330683,0.0005015832832643,4,none
MFG-00099,"Brown, Harris and Dougherty",manufacturer,East,Textiles,Large,active,3,10,13,0.0003639905966351,0.0032225579053373,1.8649812212932405e-22,0.0005151943731545,0.0025329073686011,0,dependent_manufacturer
MFG-00024,"Ramsey, Whitney and Coffey",manufacturer,South,Food_Beverage,Enterprise,active,21,6,27,0.0048490522151751,0.1949202963155469,0.0560120327881769,0.0022217664162315,0.0009989197639285,1,none
DST-00070,"Richardson, Edwards and Ramirez",distributor,East,Automotive,Medium,active,1,9,10,0.0001862412125134,0.1484853588315019,0.0047108515022844,0.0005295980847707,0.0007515395298579,0,none
RET-00067,Miller-Mccall,retailer,East,Food_Beverage,Large,active,20,0,20,0.0,0.2117443683887048,0.0731489194966372,0.0038842281233782,0.0005015832832643,0,none
RET-00073,Parker Ltd,retailer,East,Food_Beverage,Large,active,18,0,18,0.0,0.2306858526746671,0.0890684233489442,0.004206010087106,0.0005015832832643,0,none
SUP-00006,"Gardner, Robinson and Lawrence",supplier,South,Textiles,Small,active,0,4,4,0.0,0.0,9.810527203015464e-26,0.0003798909491624,0.0009144140379098,1,none
WHS-00082,"Hernandez, Lee and Fox",warehouse,West,Chemicals,Medium,active,11,3,14,0.0001150713945976,0.0184968247117578,6.007770648582611e-21,0.0009874293146443,0.0006717240547919,3,none
DST-00016,Cole-Palmer,distributor,Central,Electronics,Large,active,2,3,5,0.000350092385645,0.1793353916008551,0.0167398408861957,0.0006976116547439,0.0006347761174595,2,none
SUP-00098,Davis Group,supplier,Central,Pharmaceuticals,Small,active,2,5,7,0.0003179476659593,0.0020140986908358,1.501010662061366e-23,0.0005489708679698,0.0008160096007263,2,none
SUP-00267,Valentine-Holland,supplier,Central,Food_Beverage,Medium,active,0,7,7,0.0,0.0,9.810527203015464e-26,0.0003798909491624,0.0012868966425679,2,none
MFG-00058,"Williams, Logan and Camacho",manufacturer,East,Food_Beverage,Large,active,11,5,16,0.0012649615957204,0.1476789210374408,0.0079609880488371,0.0010252867059946,0.0011246114032975,0,dependent_manufacturer
RET-00019,Flynn Group,retailer,North,Chemicals,Small,active,11,0,11,0.0,0.1895178182386788,0.0342068805755842,0.0016746178516734,0.0005015832832643,4,none
LOG-00049,"Terrell, Byrd and Ross",logistics_provider,Central,Electronics,Enterprise,active,0,4,4,0.0,0.0,9.810527203015464e-26,0.0003798909491624,0.002961037081914,2,none
MFG-00081,"Richardson, Farmer and Andrews",manufacturer,Central,Electronics,Enterprise,active,7,4,11,0.001240075328566,0.1503324469164826,0.0038597074822259,0.0007068714906666,0.0009666990418574,2,dependent_manufacturer
DST-00182,"Mcdonald, Lee and Rodriguez",distributor,East,Food_Beverage,Enterprise,active,3,6,9,0.0003647544354781,0.1504017405080551,0.0052986050606331,0.0012996319106663,0.0006402764094807,0,none
MFG-00082,Bruce-Villegas,manufacturer,East,Chemicals,Large,active,13,9,22,0.0038750706971011,0.1302061356872408,0.0025347729587086,0.001263690199156,0.0013473681277394,0,none
DST-00041,"Fuller, Ingram and Moss",distributor,Central,Textiles,Medium,active,3,5,8,0.0004788339269188,0.1612559794330587,0.0224295360737939,0.0006822498814309,0.000690321078637,2,none
SUP-00119,May-Ross,supplier,East,Electronics,Small,active,0,3,3,0.0,0.0,9.810527203015464e-26,0.0003798909491624,0.0008662867880214,0,none
RET-00051,Wright PLC,retailer,East,Textiles,Small,active,19,0,19,0.0,0.2120639197678472,0.0742707931642386,0.0032913652308349,0.0005015832832643,0,none
SUP-00251,Moon-White,supplier,South,Pharmaceuticals,Enterprise,active,1,6,7,0.0002489513784677,0.0010070493454179,9.418106114894844e-24,0.0004650112744202,0.0010651434616363,1,none
DST-00074,"Griffin, Davies and Mitchell",distributor,East,Textiles,Enterprise,active,3,7,10,0.0002716327926866,0.155268415908744,0.0065502159563424,0.0007827932145064,0.0007357967222335,0,none
SUP-00010,Abbott-Munoz,supplier,East,Automotive,Medium,active,0,7,7,0.0,0.0,9.810527203015464e-26,0.0003798909491624,0.0010490503222852,0,none
SUP-00197,Marshall-Petersen,supplier,West,Automotive,Enterprise,active,0,8,8,0.0,0.0,9.810527203015464e-26,0.0003798909491624,0.0018694974773183,3,none
DST-00154,Lee-Wright,distributor,East,Textiles,Medium,active,3,2,5,5.998127169963209e-05,0.1643757559195777,0.0166062216055326,0.0009793012906315,0.0005794649839565,0,none
SUP-00082,Sandoval-Cunningham,supplier,East,Food_Beverage,Medium,active,0,9,9,0.0,0.0,9.810527203015464e-26,0.0003798909491624,0.0012645153203944,0,none
LOG-00034,Bennett-Velasquez,logistics_provider,West,Electronics,Large,active,0,3,3,0.0,0.0,9.810527203015464e-26,0.0003798909491624,0.0008716955296165,3,none
DST-00138,Robles-Swanson,distributor,East,Automotive,Small,active,3,8,11,0.0010395890248884,0.1502978240590629,0.0051413453581736,0.000988969358117,0.0008663292741309,0,none
LOG-00048,"Ortega, Jackson and Salazar",logistics_provider,South,Electronics,Small,active,0,5,5,0.0,0.0,9.810527203015464e-26,0.0003798909491624,0.0016643065302158,1,none
SUP-00240,"Walker, Hernandez and Baker",supplier,West,Textiles,Medium,active,0,3,3,0.0,0.0,9.810527203015464e-26,0.0003798909491624,0.0008101284396101,3,none
SUP-00291,Brennan-Johnson,supplier,Central,Automotive,Small,active,0,6,6,0.0,0.0,9.810527203015464e-26,0.0003798909491624,0.001401181424107,2,none
SUP-00212,King-Martinez,supplier,South,Pharmaceuticals,Enterprise,active,0,7,7,0.0,0.0,9.810527203015464e-26,0.0003798909491624,0.0013909904200369,1,none
WHS-00068,Jackson-Cortez,warehouse,East,Electronics,Enterprise,active,12,5,17,0.0065853711449443,0.2050245529577289,0.0755917839108481,0.0012999787738874,0.001312397871557,0,none
MFG-00060,Boone-Simmons,manufacturer,North,Pharmaceuticals,Enterprise,active,3,5,8,0.0001440423418398,0.0032225579053373,2.2191412533220976e-22,0.0005423884134357,0.0019275767052133,4,none
MFG-00150,Jones Inc,manufacturer,Central,Chemicals,Large,active,4,7,11,0.0007283349514792,0.0049345417925478,6.245381617439643e-22,0.0006277723000412,0.0012289202838752,2,none
SUP-00228,"Duran, Obrien and Gibbs",supplier,West,Pharmaceuticals,Large,active,0,9,9,0.0,0.0,9.810527203015464e-26,0.0003798909491624,0.0013731814988761,3,none
RET-00101,"Franco, Wiley and Tapia",retailer,East,Electronics,Large,active,15,0,15,0.0,0.2022324635072706,0.071737656592017,0.0026959750689227,0.0005015832832643,0,none
RET-00097,Vargas-Snyder,retailer,East,Automotive,Large,active,5,0,5,0.0,0.1902941429368823,0.040459697743005,0.000731935249657,0.0005015832832643,0,none
LOG-00047,Rodriguez and Sons,logistics_provider,Central,Electronics,Medium,active,0,1,1,0.0,0.0,9.810527203015464e-26,0.0003798909491624,0.0005871806512171,2,none
DST-00052,Paul-Kline,distributor,East,Textiles,Small,active,0,6,6,0.0,0.0,9.810527203015464e-26,0.0003798909491624,0.0008868005943781,0,none
DST-00015,"Rosales, Mitchell and Hines",distributor,West,Automotive,Medium,active,6,6,12,0.0005415028931982,0.1504017405080551,0.004244775874235,0.0008847477602682,0.0008473611090666,3,none
MFG-00063,"Hernandez, Martinez and Weber",manufacturer,East,Electronics,Small,active,8,5,13,0.002529071407409,0.1480138698263667,0.0055256467026484,0.0009886406932719,0.0010840210361967,0,none
DST-00019,Brown-Shaw,distributor,North,Pharmaceuticals,Enterprise,active,9,39,48,0.0072204109463803,0.1473787606288281,0.0110166711846414,0.0014353377127529,0.0024937655344951,4,bridge
RET-00086,Mora-White,retailer,North,Pharmaceuticals,Large,active,8,0,8,0.0,0.1849111103900281,0.0205921117068509,0.0014367846493405,0.0005015832832643,4,none
MFG-00129,Gilbert PLC,manufacturer,North,Chemicals,Small,active,7,3,10,0.0016631750730934,0.1600277469505765,0.0448590721475879,0.0008905735023244,0.0008787225013327,4,none
SUP-00008,"Henderson, Ramirez and Lewis",supplier,South,Food_Beverage,Large,active,0,3,3,0.0,0.0,9.810527203015464e-26,0.0003798909491624,0.0008457917517648,1,none
SUP-00156,Hill Inc,supplier,Central,Pharmaceuticals,Medium,active,0,5,5,0.0,0.0,9.810527203015464e-26,0.0003798909491624,0.0012492304829399,2,none
DST-00092,"Bartlett, Brown and Martinez",distributor,Central,Textiles,Enterprise,active,5,5,10,0.0003641043005837,0.1704788798496476,0.0109178885978344,0.0012056724405425,0.0006789693508731,2,none
MFG-00141,"Marks, Cook and Aguilar",manufacturer,North,Food_Beverage,Large,active,6,51,57,0.0105894030513921,0.1515895823610804,0.0053875070346757,0.0010667144161737,0.0053185705180361,4,hub
DST-00033,"Andrews, Higgins and Carter",distributor,North,Automotive,Medium,active,1,4,5,0.000257287873389,0.1531403344007302,0.0103231386330593,0.000620196481242,0.0006712774318939,4,none
MFG-00123,"Downs, Morris and Maddox",manufacturer,West,Chemicals,Enterprise,active,8,5,13,0.0004835859982417,0.0081570996978851,2.144581246579181e-22,0.0009109852230683,0.0008966845011356,3,none
LOG-00029,Alexander-Jordan,logistics_provider,North,Food_Beverage,Large,active,0,7,7,0.0,0.0,9.810527203015464e-26,0.0003798909491624,0.0008849271131639,4,none
RET-00100,Hall LLC,retailer,West,Chemicals,Enterprise,active,14,0,14,0.0,0.2175978364811143,0.079821243832132,0.0023907160313051,0.0005015832832643,3,none
MFG-00035,Price LLC,manufacturer,South,Food_Beverage,Medium,active,15,6,21,0.0011581825424243,0.1120716386852912,0.0006916704152227,0.0017296141320682,0.0008171375731993,1,none
DST-00127,"Becker, Wilson and Hester",distributor,Central,Chemicals,Large,active,6,7,13,0.0004562563250348,0.1707465076045136,0.0229247454845888,0.0008061421163468,0.0007077469290129,2,none
RET-00085,Williams LLC,retailer,Central,Textiles,Small,active,7,0,7,0.0,0.1991824305344422,0.0332343689260152,0.0012585764161885,0.0005015832832643,2,none
DST-00118,Landry PLC,distributor,North,Textiles,Large,active,7,3,10,0.0029108723211421,0.1853957818364918,0.0245552902337415,0.0013908075199902,0.0006837220075199,4,none
DST-00145,Hernandez-Vaughn,distributor,Central,Automotive,Large,active,3,7,10,0.0009433709186754,0.1293031805160394,0.0007080071345202,0.000685374866994,0.0008989953478298,2,none
DST-00081,Hicks-Martinez,distributor,East,Electronics,Small,active,2,6,8,0.00033418092025,0.1621351941908102,0.0063598531764821,0.0006210010414462,0.0007545563032798,0,none
DST-00132,"Barry, Taylor and Velazquez",distributor,West,Electronics,Large,active,7,5,12,0.0005811419442148,0.1879929622298619,0.0268055215128704,0.0012827271023232,0.0007156070514785,3,none
WHS-00058,Owens-Lang,warehouse,Central,Pharmaceuticals,Large,active,16,5,21,0.0106792066672274,0.1979354419364425,0.04207600176707,0.0019541228437553,0.0012970536209364,2,none
MFG-00149,Lee-Cooke,manufacturer,West,Textiles,Small,active,6,4,10,0.0005391416691753,0.17463022533167,0.0207923586887625,0.0008217680365308,0.0007431215948924,3,none
DST-00004,White Ltd,distributor,Central,Chemicals,Enterprise,active,2,6,8,0.0004602732816615,0.1515543780920694,0.0194711538763971,0.0013564289673913,0.0008305444860431,2,none
SUP-00229,Rowe Group,supplier,Central,Textiles,Enterprise,active,1,7,8,0.0002139452294283,0.0010070493454179,5.6901057777489694e-24,0.0004769281199562,0.0011359246798958,2,none
MFG-00053,Smith and Sons,manufacturer,South,Food_Beverage,Large,active,12,5,17,0.0007086762568681,0.0135951661631419,1.405554232376025e-21,0.0013996405148857,0.0008882824071506,1,none
WHS-00079,Nichols-Mitchell,warehouse,North,Chemicals,Medium,active,19,2,21,0.0012130346677509,0.2246448027760589,0.0759826095212644,0.0020585836734756,0.0006390519205119,4,none
SUP-00213,Stewart Ltd,supplier,North,Textiles,Medium,active,0,6,6,0.0,0.0,9.810527203015464e-26,0.0003798909491624,0.0008635542742366,4,none
SUP-00080,"Hensley, Powell and David",supplier,South,Pharmaceuticals,Enterprise,active,0,8,8,0.0,0.0,9.810527203015464e-26,0.0003798909491624,0.0019380416286134,1,none
SUP-00149,Bryant Group,supplier,East,Electronics,Enterprise,active,0,3,3,0.0,0.0,9.810527203015464e-26,0.0003798909491624,0.0007923696724172,0,none
MFG-00003,Santana-Byrd,manufacturer,East,Electronics,Enterprise,active,7,5,12,0.0043863679968591,0.161054578495669,0.0299060480983919,0.0009249266439636,0.0014472164282189,0,none
DST-00179,"Morrison, Hebert and Rogers",distributor,East,Textiles,Large,active,7,8,15,0.0030484298664144,0.1917699535893186,0.0380696831262109,0.0024711745526218,0.0007941584790975,0,none
LOG-00028,Cook-Oliver,logistics_provider,Central,Food_Beverage,Large,active,0,3,3,0.0,0.0,9.810527203015464e-26,0.0003798909491624,0.00098879725014,2,none
DST-00057,"Carter, Garcia and Murphy",distributor,West,Textiles,Small,active,1,2,3,1.099768270365678e-05,0.0042967438737831,1.5658582468732984e-21,0.0004460661397372,0.0006776109329367,3,none
MFG-00043,Lopez-Martinez,manufacturer,West,Electronics,Small,active,7,5,12,0.0001742001923971,0.0070493454179254,4.8562109654926566e-23,0.000868231877553,0.0007437195825101,3,none
DST-00036,Jones-Fox,distributor,South,Food_Beverage,Enterprise,active,1,5,6,0.0002656549229007,0.1135537066407605,0.0003573281701631,0.0005237417916096,0.0007645700146149,1,none
WHS-00062,Tran-Silva,warehouse,East,Textiles,Enterprise,active,7,2,9,0.0017766512704652,0.1606580876574227,0.0075741765350065,0.0008170227758564,0.0006169092504912,0,none
SUP-00134,"Carroll, Sullivan and Bass",supplier,East,Food_Beverage,Medium,active,0,6,6,0.0,0.0,9.810527203015464e-26,0.0003798909491624,0.0009393937050582,0,none
WHS-00054,Dominguez Ltd,warehouse,East,Food_Beverage,Medium,active,10,7,17,0.0048129526472631,0.1802743513990196,0.0210248575775967,0.0015673539536449,0.0011990969989404,0,none
MFG-00012,Parsons-Hall,manufacturer,Central,Food_Beverage,Small,active,10,8,18,0.0022949276927883,0.010154414232964,2.77834130389398e-22,0.0011415762865718,0.0019872512247079,2,none
WHS-00073,Kirby and Sons,warehouse,South,Pharmaceuticals,Large,active,18,5,23,0.0023254244143927,0.1749110565704774,0.029050213212864,0.0019352610715065,0.0011988082649479,1,none
DST-00180,Hays-Daniels,distributor,West,Textiles,Medium,active,11,5,16,0.0033311470906632,0.1926189941158356,0.0471358797362322,0.002271226358547,0.0014658721168901,3,none
SUP-00001,"Rodriguez, Figueroa and Sanchez",supplier,North,Electronics,Large,active,0,5,5,0.0,0.0,9.810527203015464e-26,0.0003798909491624,0.0009412695531198,4,none
MFG-00017,"Diaz, Anderson and Browning",manufacturer,West,Food_Beverage,Enterprise,active,7,7,14,0.0001336100242913,0.0070493454179254,4.4834109317780694e-23,0.0008718154955477,0.000847884584539,3,none
WHS-00057,"Howard, Green and Hunt",warehouse,North,Chemicals,Medium,active,6,2,8,0.0012032126552673,0.1678912148352074,0.0303693567444753,0.0010836925510439,0.0007575450953992,4,none
DST-00098,"Moore, Hopkins and Le",distributor,West,Textiles,Medium,active,4,4,8,0.0028883131860091,0.1873114672974888,0.0435649400265118,0.0017030687786322,0.0007871239329591,3,none
RET-00023,Kramer-Shannon,retailer,South,Pharmaceuticals,Enterprise,active,7,0,7,0.0,0.1924977631799467,0.0439409411055048,0.0013007653770053,0.0005015832832643,1,none
DST-00083,Johnson-Spencer,distributor,Central,Food_Beverage,Medium,active,3,4,7,0.0019906744986209,0.1809240787536598,0.0193228926511053,0.0007853751057802,0.0008332501635838,2,none
DST-00028,"Bentley, Lynch and Henderson",distributor,North,Food_Beverage,Small,active,4,7,11,0.0010597894378151,0.183261205297515,0.0388647543205979,0.0014709604742102,0.0008544057632991,4,none
MFG-00105,Graham Group,manufacturer,Central,Pharmaceuticals,Small,active,6,4,10,0.0003596736359955,0.0064451158106747,7.867061764098098e-22,0.0009075517739779,0.0008118575018544,2,none
SUP-00173,White-Green,supplier,North,Food_Beverage,Medium,active,1,6,7,0.0004065244752101,0.0010070493454179,7.554105946321909e-24,0.0004607552581573,0.0014553438069542,4,none
SUP-00126,Smith-Frost,supplier,Central,Textiles,Medium,active,1,4,5,0.0002149332510186,0.0010070493454179,3.826105609176031e-24,0.0004296536008516,0.0017018841402829,2,none
MFG-00095,"Ramos, Nelson and Fischer",manufacturer,West,Textiles,Enterprise,active,7,8,15,0.0011521428325632,0.0070493454179254,5.788211049779124e-23,0.0009615214489929,0.0018407443021414,3,none
MFG-00121,Marshall-Elliott,manufacturer,North,Food_Beverage,Enterprise,active,7,6,13,0.002022001558047,0.0071612397896385,1.8836212229789712e-22,0.001159717599026,0.0010509826486253,4,none
DST-00103,May-Turner,distributor,West,Electronics,Large,active,5,4,9,0.0001661657004855,0.1506020968139777,0.0099934047219202,0.0009457440149624,0.0007395862461056,3,none
RET-00054,Harris-Lawson,retailer,West,Food_Beverage,Small,active,4,0,4,0.0,0.177582928490749,0.0299803494910496,0.0018028233682447,0.0005015832832643,3,none
SUP-00091,"Turner, Riggs and Roman",supplier,South,Pharmaceuticals,Large,active,0,5,5,0.0,0.0,9.810527203015464e-26,0.0003798909491624,0.0011051164584582,1,none
RET-00090,Shaw Inc,retailer,North,Electronics,Large,active,15,0,15,0.0,0.1907620358214306,0.0477981820463846,0.0023905042209518,0.0005015832832643,4,none
SUP-00182,"Gould, Marshall and Scott",supplier,Central,Food_Beverage,Medium,active,0,7,7,0.0,0.0,9.810527203015464e-26,0.0003798909491624,0.0014269800591937,2,none
SUP-00275,Monroe-Carpenter,supplier,Central,Electronics,Medium,active,0,3,3,0.0,0.0,9.810527203015464e-26,0.0003798909491624,0.0007007491192354,2,none
RET-00046,"Hernandez, Jenkins and Parks",retailer,East,Food_Beverage,Large,active,14,0,14,0.0,0.2101874245034937,0.0570323713649448,0.0017895022271164,0.0005015832832643,0,none
SUP-00070,Hancock Inc,supplier,East,Electronics,Medium,active,0,9,9,0.0,0.0,9.810527203015464e-26,0.0003798909491624,0.0012081022848684,0,none
SUP-00292,Young Ltd,supplier,North,Pharmaceuticals,Small,active,0,7,7,0.0,0.0,9.810527203015464e-26,0.0003798909491624,0.001151767911451,4,none
SUP-00132,Spencer-Lee,supplier,South,Pharmaceuticals,Medium,active,0,5,5,0.0,0.0,9.810527203015464e-26,0.0003798909491624,0.0009626828648693,1,none
MFG-00001,"Thomas, Murray and King",manufacturer,Central,Electronics,Enterprise,active,6,9,15,0.0002370609964186,0.0060422960725075,5.229010999207241e-23,0.000781131949032,0.0011421674428249,2,none
MFG-00125,Welch-Hogan,manufacturer,Central,Pharmaceuticals,Small,active,10,10,20,0.0080441779425162,0.1939355578200449,0.0658943337762044,0.001144146591456,0.0016960785945532,2,none
MFG-00027,Richards-Carson,manufacturer,South,Textiles,Enterprise,active,2,4,6,0.0003534374732446,0.0020140986908358,1.5010106620613657e-23,0.0004828091606104,0.0009847925422652,1,none
SUP-00145,Hernandez Ltd,supplier,North,Electronics,Enterprise,active,0,6,6,0.0,0.0,9.810527203015464e-26,0.0003798909491624,0.000898563948842,4,none
MFG-00124,Hernandez-Jones,manufacturer,North,Electronics,Large,active,3,8,11,8.02703284789659e-05,0.0030211480362537,1.6874106789186602e-23,0.0004805332160848,0.0015356863313001,4,none
DST-00131,"Cook, Wells and Bryant",distributor,South,Pharmaceuticals,Small,active,0,7,7,0.0,0.0,9.810527203015464e-26,0.0003798909491624,0.0008841403823686,1,none
SUP-00136,"Lawson, Morris and Ramos",supplier,West,Electronics,Enterprise,active,0,6,6,0.0,0.0,9.810527203015464e-26,0.0003798909491624,0.0015802611856579,3,none
DST-00001,"Wise, Conley and Stephenson",distributor,North,Pharmaceuticals,Large,active,7,5,12,0.0022742265268093,0.2041905982679759,0.0411284915671121,0.0022140421238493,0.0007218417351201,4,none
SUP-00165,Castaneda-Ashley,supplier,East,Textiles,Large,active,0,8,8,0.0,0.0,9.810527203015464e-26,0.0003798909491624,0.0013294900722427,0,none
SUP-00029,"Ross, Robinson and Bright",supplier,North,Automotive,Enterprise,active,1,8,9,4.637855115391418e-05,0.0010070493454179,9.418106114894844e-24,0.0005042975783853,0.0012500816693778,4,none
LOG-00024,Fisher-Washington,logistics_provider,Central,Food_Beverage,Small,active,0,2,2,0.0,0.0,9.810527203015464e-26,0.0003798909491624,0.0005658216948984,2,none
SUP-00194,Reid-Poole,supplier,West,Food_Beverage,Medium,active,0,9,9,0.0,0.0,9.810527203015464e-26,0.0003798909491624,0.001874128421058,3,none
MFG-00089,Bennett Group,manufacturer,North,Electronics,Large,active,13,5,18,0.0031831483171437,0.2051534586810597,0.0603100956700312,0.0011810147454379,0.0010637296906393,4,none
RET-00003,Martin-Taylor,retailer,North,Pharmaceuticals,Enterprise,active,14,0,14,0.0,0.2186132930513595,0.0928210885621061,0.0030686724227759,0.0005015832832643,4,none
SUP-00170,Hooper PLC,supplier,West,Food_Beverage,Medium,active,0,4,4,0.0,0.0,9.810527203015464e-26,0.0003798909491624,0.0009459012341749,3,none
WHS-00056,"Morris, Campbell and Owens",warehouse,West,Textiles,Enterprise,active,24,3,27,0.0047771469961018,0.2246448027760589,0.1208638089130201,0.0038500198590786,0.0009638957052197,3,none
SUP-00141,Hernandez Inc,supplier,North,Automotive,Large,active,0,2,2,0.0,0.0,9.810527203015464e-26,0.0003798909491624,0.0006472690922632,4,none
SUP-00174,Lewis-Murphy,supplier,South,Chemicals,Enterprise,active,0,9,9,0.0,0.0,9.810527203015464e-26,0.0003798909491624,0.0012502104786845,1,none
SUP-00007,Blake and Sons,supplier,Central,Pharmaceuticals,Enterprise,active,0,6,6,0.0,0.0,9.810527203015464e-26,0.0003798909491624,0.0012379145645934,2,none
WHS-00096,White LLC,warehouse,East,Chemicals,Medium,active,23,1,24,0.0056603141633771,0.2171691021845095,0.0568324665969352,0.0027049900089275,0.000586432692135,0,none
DST-00029,Young-Martinez,distributor,West,Electronics,Enterprise,active,3,11,14,0.0052933085299394,0.1715544563786674,0.0147176698872667,0.001118310551386,0.0013134246026992,3,none
SUP-00074,"Stanley, Tucker and Lee",supplier,South,Food_Beverage,Enterprise,active,0,7,7,0.0,0.0,9.810527203015464e-26,0.0003798909491624,0.0015551451719884,1,none
RET-00061,Best-Townsend,retailer,North,Automotive,Large,active,5,0,5,0.0,0.2047622874991923,0.0407351488549517,0.000971555762945,0.0005015832832643,4,none
LOG-00064,"Thompson, Moore and Castro",logistics_provider,West,Pharmaceuticals,Large,active,0,2,2,0.0,0.0,9.810527203015464e-26,0.0003798909491624,0.0006116548219383,3,none
SUP-00239,"Guerrero, Peck and Coleman",supplier,North,Pharmaceuticals,Enterprise,active,0,4,4,0.0,0.0,9.810527203015464e-26,0.0003798909491624,0.0009003799002204,4,none
SUP-00146,Stafford Inc,supplier,East,Chemicals,Large,active,0,6,6,0.0,0.0,9.810527203015464e-26,0.0003798909491624,0.0008853308725899,0,none
LOG-00043,Ewing-Mendoza,logistics_provider,Central,Food_Beverage,Medium,active,0,6,6,0.0,0.0,9.810527203015464e-26,0.0003798909491624,0.002077435799955,2,none
SUP-00235,Ortiz Ltd,supplier,East,Pharmaceuticals,Enterprise,active,0,3,3,0.0,0.0,9.810527203015464e-26,0.0003798909491624,0.0007454789162859,0,none
SUP-00221,Garcia-Smith,supplier,North,Chemicals,Large,active,0,5,5,0.0,0.0,9.810527203015464e-26,0.0003798909491624,0.0013792964848581,4,none
RET-00074,"Yang, Wilson and Zimmerman",retailer,West,Automotive,Small,active,5,0,5,0.0,0.1899333562566112,0.0415718959711186,0.0009651371722319,0.0005015832832643,4,none
DST-00051,"Rivera, Martinez and Richardson",distributor,East,Automotive,Small,active,1,8,9,0.0003804986676873,0.1457331737526688,0.001697910349694,0.0003914547595828,0.0009448411754961,0,none
SUP-00133,"Bentley, Byrd and Orr",supplier,West,Electronics,Medium,active,0,8,8,0.0,0.0,9.810527203015464e-26,0.0003798909491624,0.001580426522695,3,none
RET-00141,Andrade-Mendoza,retailer,Central,Textiles,Small,active,18,0,18,0.0,0.2270793157097949,0.1165108549919419,0.0027227335587385,0.0005015832832643,2,none
LOG-00025,Ward and Sons,logistics_provider,Central,Food_Beverage,Small,active,0,3,3,0.0,0.0,9.810527203015464e-26,0.0003798909491624,0.0015886227625438,2,none
SUP-00186,Johnston-Odonnell,supplier,South,Pharmaceuticals,Medium,active,0,5,5,0.0,0.0,9.810527203015464e-26,0.0003798909491624,0.0009000439186081,1,none
SUP-00042,George Group,supplier,West,Textiles,Enterprise,active,0,4,4,0.0,0.0,9.810527203015464e-26,0.0003798909491624,0.0009748398774754,3,none
WHS-00047,Boone-Davis,warehouse,North,Textiles,Enterprise,active,4,6,10,0.0017328496782875,0.1444429287437917,0.0047490068062564,0.000688538045022,0.0011970979904717,4,none
SUP-00109,Hancock and Sons,supplier,East,Automotive,Medium,active,0,5,5,0.0,0.0,9.810527203015464e-26,0.0003798909491624,0.0008715543105727,0,none
DST-00139,"Soto, Carlson and Baker",distributor,East,Food_Beverage,Enterprise,active,0,7,7,0.0,0.0,9.810527203015464e-26,0.0003798909491624,0.0007365458206356,0,none
SUP-00057,"Washington, Ryan and Cummings",supplier,North,Textiles,Medium,active,0,3,3,0.0,0.0,9.810527203015464e-26,0.0003798909491624,0.0010229078801782,4,none
MFG-00106,Atkins PLC,manufacturer,Central,Pharmaceuticals,Medium,active,10,8,18,0.004591633502558,0.1568356529835258,0.0184391207650118,0.0018914932673177,0.0012211295914063,2,none
MFG-00143,"Hale, Myers and Larson",manufacturer,East,Textiles,Large,active,7,9,16,0.0035185450416165,0.1619337846313774,0.0105997552941369,0.0010918040626271,0.0016020290094893,0,none
LOG-00008,Lopez-Willis,logistics_provider,South,Electronics,Small,active,0,4,4,0.0,0.0,9.810527203015464e-26,0.0003798909491624,0.0009425496523496,1,none
RET-00148,Nelson-Johnson,retailer,West,Electronics,Medium,active,9,0,9,0.0,0.214005727366673,0.0552848015027772,0.0012359483368031,0.0005015832832643,3,none
SUP-00025,"Walter, Edwards and Rios",supplier,Central,Chemicals,Medium,active,0,6,6,0.0,0.0,9.810527203015464e-26,0.0003798909491624,0.0016305552115409,2,none
DST-00018,Wilkerson-Arias,distributor,Central,Food_Beverage,Large,active,6,7,13,0.002743641966851,0.1780123164387482,0.0231954324720386,0.0013942514604154,0.0007581905940524,2,none
DST-00090,Humphrey PLC,distributor,East,Chemicals,Enterprise,active,8,6,14,0.0009154750089093,0.1978154446997427,0.0348866990936272,0.0023170435239295,0.0007716077191512,0,none
DST-00082,Conner and Sons,distributor,East,Textiles,Medium,active,4,8,12,0.0026796207061794,0.1749579496151343,0.0220453101127232,0.0013158106655997,0.0010024329856163,0,none
DST-00169,Smith PLC,distributor,West,Pharmaceuticals,Small,active,2,10,12,0.0012571561228163,0.007582489189029,4.240982994064352e-20,0.0006776106470726,0.0010139844496906,3,none
WHS-00045,Price LLC,warehouse,North,Automotive,Large,active,13,5,18,0.0032493587323745,0.1854484660598042,0.0416394465223024,0.0021299800441774,0.0009781790578755,4,none
RET-00077,Brady LLC,retailer,South,Food_Beverage,Large,active,5,0,5,0.0,0.1874543004469683,0.0740796727338509,0.0017192826307018,0.0005015832832643,1,none
MFG-00039,Crosby-Ramirez,manufacturer,East,Chemicals,Enterprise,active,4,4,8,0.0004926795116638,0.1537321912990462,0.0091079217653804,0.0015432853604238,0.000833416835951,0,none
SUP-00052,Walker LLC,supplier,Central,Automotive,Enterprise,active,0,6,6,0.0,0.0,9.810527203015464e-26,0.0003798909491624,0.0012308180764717,2,none
DST-00058,Parker-Morrison,distributor,West,Textiles,Medium,active,5,6,11,0.0019468468898469,0.1624578421868188,0.0217780800295255,0.001043560784317,0.0008911015926003,3,none
DST-00067,Reyes-Bradley,distributor,Central,Electronics,Large,active,0,9,9,0.0,0.0,9.810527203015464e-26,0.0003798909491624,0.0008119895791569,2,none
RET-00071,"Ashley, Allen and Sanchez",retailer,West,Automotive,Large,active,6,0,6,0.0,0.200127105708143,0.0742718033390383,0.0014734946555797,0.0005015832832643,3,none
LOG-00032,Carter-Neal,logistics_provider,West,Automotive,Small,active,0,3,3,0.0,0.0,9.810527203015464e-26,0.0003798909491624,0.0005836182718816,3,none
SUP-00265,Tran Inc,supplier,South,Pharmaceuticals,Large,active,0,8,8,0.0,0.0,9.810527203015464e-26,0.0003798909491624,0.0013142947909884,1,none
WHS-00061,Figueroa Inc,warehouse,Central,Automotive,Large,active,17,3,20,0.0025853051834068,0.1895970807857208,0.0649181251471748,0.0018769623500978,0.0008978082984631,2,none
WHS-00033,"Holder, Young and Hendricks",warehouse,Central,Automotive,Small,active,29,2,31,0.0076512286585152,0.2092986376088682,0.0580726177426718,0.0028987829547083,0.0006738415280844,2,none
LOG-00083,"Ellison, Arias and Thompson",logistics_provider,Central,Chemicals,Large,active,0,3,3,0.0,0.0,9.810527203015464e-26,0.0003798909491624,0.0016632232571039,2,none
DST-00069,Hines-Berry,distributor,Central,Chemicals,Enterprise,active,6,8,14,0.0058716073157708,0.1986584937791327,0.0435725210636119,0.0024013298613702,0.001025310473375,2,none
MFG-00148,Bean LLC,manufacturer,East,Textiles,Medium,active,17,6,23,0.0018111966430109,0.1762336354481369,0.008316943475505,0.0015304790535471,0.0009125538583067,0,none
SUP-00019,"Adams, Zuniga and Wong",supplier,East,Electronics,Medium,active,0,4,4,0.0,0.0,9.810527203015464e-26,0.0003798909491624,0.0006800877276193,0,none
WHS-00066,Levy-May,warehouse,West,Automotive,Enterprise,active,19,6,25,0.002810691385211,0.1905937944113467,0.0259077464065571,0.0019809624529397,0.0010030618600811,3,none
DST-00034,Mendez and Sons,distributor,Central,Food_Beverage,Large,active,5,10,15,0.001737289644914,0.1815785064174878,0.0338478648590616,0.0007867887187505,0.0008433328284155,2,none
DST-00119,Levy-Lewis,distributor,South,Textiles,Enterprise,active,7,6,13,0.0012648656348291,0.158051138790131,0.0103333809061046,0.001115350687591,0.0008560185383372,1,none
MFG-00134,"Miller, Lucas and Williams",manufacturer,East,Food_Beverage,Large,active,19,5,24,0.0060900295515159,0.1897073116466427,0.0333995256164959,0.0016891968597301,0.0009262197451589,0,dependent_manufacturer
MFG-00068,Gutierrez Group,manufacturer,North,Chemicals,Small,active,11,5,16,0.0004684320983533,0.1517305631398398,0.0054718759098592,0.0011592877074569,0.0008174683455317,4,none
SUP-00084,"Edwards, Baker and Anderson",supplier,North,Chemicals,Small,active,0,5,5,0.0,0.0,9.810527203015464e-26,0.0003798909491624,0.0007884799615462,4,none
SUP-00062,Powell LLC,supplier,East,Food_Beverage,Large,active,0,4,4,0.0,0.0,9.810527203015464e-26,0.0003798909491624,0.0011952594814648,0,none
DST-00189,Holden Group,distributor,North,Textiles,Medium,active,1,4,5,0.000298706967534,0.123925778971601,0.0009088985606123,0.0005174548999805,0.0006511849886455,4,none
SUP-00273,Morgan-French,supplier,East,Chemicals,Small,active,0,5,5,0.0,0.0,9.810527203015464e-26,0.0003798909491624,0.0007690169259678,0,none
SUP-00286,Bowen Group,supplier,West,Electronics,Enterprise,active,0,5,5,0.0,0.0,9.810527203015464e-26,0.0003798909491624,0.0010905390638165,3,none
MFG-00061,Henry Group,manufacturer,Central,Automotive,Large,active,0,2,2,0.0,0.0,9.810527203015464e-26,0.0003798909491624,0.0007265608520341,2,none
MFG-00055,"Fisher, Wilson and Brown",manufacturer,West,Automotive,Medium,active,15,6,21,0.002130270449235,0.173515860692489,0.0078393816544776,0.0019783521043919,0.0008288908227047,3,none
DST-00007,Bishop-Goodwin,distributor,West,Food_Beverage,Enterprise,active,8,4,12,0.000554903757511,0.1852776858000338,0.0173530883762934,0.0015666046710492,0.000663366404631,3,none
SUP-00279,Pollard and Sons,supplier,East,Chemicals,Enterprise,active,0,3,3,0.0,0.0,9.810527203015464e-26,0.0003798909491624,0.0009376336631033,0,none
SUP-00013,Arnold Ltd,supplier,East,Automotive,Large,active,1,4,5,0.0004209976463628,0.0010070493454179,3.826105609176031e-24,0.0004607552581573,0.001010229890576,0,none
SUP-00183,Jackson-Lawson,supplier,East,Food_Beverage,Small,active,0,5,5,0.0,0.0,9.810527203015464e-26,0.0003798909491624,0.0008072330039015,0,none
MFG-00069,Perry-Davis,manufacturer,East,Food_Beverage,Small,active,9,6,15,0.0019155303752403,0.0091549940492538,1.6040211976930288e-22,0.0009024580300172,0.0009984745934615,0,none
RET-00032,Williams Ltd,retailer,North,Textiles,Large,active,11,0,11,0.0,0.2062470077427236,0.061399670072082,0.0022617638865507,0.0005015832832643,4,none
DST-00166,Sanchez Ltd,distributor,Central,Electronics,Large,active,6,6,12,4.904242490735036e-05,0.0111894371713102,1.113563511232676e-20,0.0007506025350602,0.0006614871070807,2,none
SUP-00224,Wilson-Jones,supplier,East,Electronics,Large,active,0,6,6,0.0,0.0,9.810527203015464e-26,0.0003798909491624,0.0017868752324538,0,critical_supplier
DST-00123,Luna-Gallagher,distributor,West,Food_Beverage,Small,active,2,3,5,0.0008316258689333,0.1472463444879404,0.001697910349694,0.0005928825784829,0.0007176103118869,3,none
RET-00121,Hernandez-Dawson,retailer,South,Automotive,Small,active,12,0,12,0.0,0.2034242785921201,0.0623978848490262,0.0016417193612933,0.0005015832832643,1,none
WHS-00004,"Leach, Harris and Herrera",warehouse,East,Food_Beverage,Medium,active,1,3,4,1.165190382859226e-05,0.0025176233635448,3.3608904092090377e-21,0.0004197190796293,0.0008783858733498,0,none
DST-00096,"Huber, Hill and Weber",distributor,Central,Electronics,Large,active,1,4,5,3.3420064362467635e-05,0.007582489189029,1.595966754859352e-20,0.0004964286606748,0.0007455042250522,2,none
DST-00133,Martin-Ewing,distributor,South,Electronics,Medium,active,3,7,10,0.0007685970904641,0.1561974992973794,0.0131562627162,0.0006891905894234,0.000981959525532,1,none
DST-00184,Higgins-Smith,distributor,Central,Electronics,Medium,active,8,7,15,0.0004899944109961,0.1608560887514052,0.0148695201822752,0.001354884506695,0.0008297773824906,2,none
SUP-00177,Curry Inc,supplier,West,Chemicals,Large,active,2,4,6,0.0002372949861154,0.0020140986908358,1.3146106452040725e-23,0.0006886455835063,0.0014714964574583,3,none
WHS-00016,Cannon Ltd,warehouse,North,Automotive,Enterprise,active,17,5,22,0.0047228246737158,0.1922784773318948,0.0582696557881671,0.0022876226110991,0.0010324293884233,4,none
WHS-00024,"Gray, Hall and Murray",warehouse,North,Electronics,Large,active,6,4,10,0.0018877966961361,0.155675847343619,0.0072654281500852,0.0008310179580569,0.0008335630220828,4,none
DST-00136,Richardson Ltd,distributor,East,Electronics,Medium,active,0,7,7,0.0,0.0,9.810527203015464e-26,0.0003798909491624,0.000939262505185,0,none
RET-00024,Williams Ltd,retailer,East,Electronics,Small,active,5,0,5,0.0,0.2042508612425599,0.050683402014404,0.0022274656637439,0.0005015832832643,0,none
MFG-00094,"Miller, Ramos and Coleman",manufacturer,West,Chemicals,Small,active,15,8,23,0.0032765517816183,0.1532268495103196,0.0038586481836112,0.0013129777407583,0.001378830588795,3,dependent_manufacturer
SUP-00164,Smith-Bell,supplier,South,Chemicals,Small,active,0,4,4,0.0,0.0,9.810527203015464e-26,0.0003798909491624,0.0008151819798141,1,none
SUP-00249,Johnston-Hines,supplier,South,Electronics,Medium,active,0,4,4,0.0,0.0,9.810527203015464e-26,0.0003798909491624,0.0009718459075922,1,none
DST-00185,Gibbs-Bradley,distributor,East,Chemicals,Small,active,3,6,9,0.0004571220339283,0.1664778449144008,0.0070239865515697,0.0006328982467443,0.0007229381358822,0,none
RET-00036,Wheeler PLC,retailer,East,Electronics,Large,active,20,0,20,0.0,0.2019211450597532,0.071787618110579,0.0030567750451657,0.0005015832832643,0,none
WHS-00020,"Anderson, Dalton and Wilson",warehouse,Central,Food_Beverage,Enterprise,active,33,2,35,0.0026511701852871,0.195915086179661,0.0614954402746593,0.0030950351622918,0.0009868939315869,2,none
MFG-00076,"Pugh, Henderson and Moon",manufacturer,East,Chemicals,Large,active,8,5,13,0.0014415044773758,0.140312438629209,0.0036169105027598,0.001334764535116,0.0010780014873619,0,none
MFG-00113,"Miller, Harrell and Reese",manufacturer,North,Pharmaceuticals,Large,active,5,5,10,0.0010789083699843,0.0051791109192921,1.9954612330933461e-22,0.00066054909371,0.0011348294550812,4,dependent_manufacturer
SUP-00075,Novak PLC,supplier,South,Electronics,Small,active,0,5,5,0.0,0.0,9.810527203015464e-26,0.0003798909491624,0.0015500430701343,1,none
SUP-00114,Gonzalez Group,supplier,North,Chemicals,Medium,active,0,5,5,0.0,0.0,9.810527203015464e-26,0.0003798909491624,0.0012629375519896,4,none
DST-00149,Hoffman Ltd,distributor,South,Chemicals,Enterprise,active,15,38,53,0.0282459597146093,0.2003663346835895,0.1284303614078602,0.0035848130627227,0.0027609573093967,1,bridge
RET-00112,Haynes-Moss,retailer,South,Automotive,Small,active,16,0,16,0.0,0.2014869060381193,0.0835786581883938,0.0019032806643509,0.0005015832832643,1,none
MFG-00091,Frank-Bradley,manufacturer,South,Textiles,Medium,active,4,6,10,0.0003825594490479,0.0040281973816717,2.805810780062422e-23,0.0006707778384633,0.0013253247638666,1,none
SUP-00105,Nolan-Flynn,supplier,North,Food_Beverage,Small,active,0,3,3,0.0,0.0,9.810527203015464e-26,0.0003798909491624,0.0008211367678346,4,none
SUP-00115,Torres-Pope,supplier,East,Automotive,Medium,active,0,4,4,0.0,0.0,9.810527203015464e-26,0.0003798909491624,0.0009080677478905,0,none
MFG-00118,Thomas and Sons,manufacturer,West,Textiles,Medium,active,9,7,16,0.0071150427970862,0.1660965009072158,0.0119731688841697,0.0013375645205229,0.0012757520209831,3,none
DST-00076,Hayes Ltd,distributor,West,Textiles,Large,active,3,8,11,0.0007127005899295,0.1324524359781715,0.0012738506689078,0.0006619395194966,0.0008885444504128,3,none
DST-00008,Young-Allen,distributor,East,Pharmaceuticals,Large,active,5,7,12,0.0021807030810912,0.2003048348877996,0.0302946886855941,0.0012962243799046,0.0008964692488958,0,none
MFG-00110,Collier-Gillespie,manufacturer,South,Electronics,Small,active,16,7,23,0.0025912782393265,0.1754754375005246,0.0275279524085467,0.0021238759377749,0.0010167583525931,1,none
SUP-00093,"Garcia, Humphrey and Baker",supplier,East,Electronics,Small,active,0,6,6,0.0,0.0,9.810527203015464e-26,0.0003798909491624,0.0008090616453078,0,none
RET-00081,"Ward, Porter and Bradley",retailer,West,Food_Beverage,Small,active,6,0,6,0.0,0.203425220323358,0.0353663949728013,0.001220695163681,0.0005015832832643,3,none
SUP-00090,Moore-Bass,supplier,East,Food_Beverage,Enterprise,active,1,3,4,3.8720580771579125e-05,0.0010070493454179,5.6901057777489694e-24,0.0004284095345593,0.0007374070427432,0,none
MFG-00037,"Newton, Moore and Perry",manufacturer,East,Textiles,Enterprise,active,12,7,19,0.0102515704790056,0.1849229674311281,0.023541304967248,0.0017185563618366,0.0015342946428026,0,none
RET-00139,Mendez PLC,retailer,South,Textiles,Large,active,5,0,5,0.0,0.1806223847849293,0.033085765498559,0.0011269587779004,0.0005015832832643,1,none
RET-00072,Wilson-Salazar,retailer,West,Textiles,Medium,active,5,0,5,0.0,0.1868653266380803,0.020363947377353,0.00086113829128,0.0005015832832643,3,none
RET-00084,Williams Inc,retailer,Central,Electronics,Large,active,8,0,8,0.0,0.2008644484371874,0.1031313132877789,0.0011322180572709,0.0005015832832643,2,none
DST-00156,Bush-Vaughn,distributor,North,Pharmaceuticals,Small,active,1,2,3,1.4409784260432345e-05,0.1490919572834821,0.0089469154569865,0.0008071964464412,0.000557384298199,4,none
DST-00144,Smith LLC,distributor,North,Food_Beverage,Medium,active,5,6,11,0.0023826603470536,0.1557873363725116,0.0092716980556117,0.0011437248380932,0.0009259527212137,4,none
DST-00162,Reed Group,distributor,Central,Automotive,Enterprise,active,13,37,50,0.0292322946051008,0.191713616940203,0.0524776502831394,0.0024471660609778,0.0031907825900905,2,bridge
SUP-00095,Campbell-Clark,supplier,North,Textiles,Small,active,0,5,5,0.0,0.0,9.810527203015464e-26,0.0003798909491624,0.0007261982825437,4,none
SUP-00012,Dudley Group,supplier,North,Food_Beverage,Small,active,1,5,6,2.535414296765053e-05,0.0010070493454179,3.826105609176031e-24,0.0004203231036599,0.0008421261787805,4,none
MFG-00097,Gregory-Watkins,manufacturer,South,Food_Beverage,Enterprise,active,15,8,23,0.0030037452535467,0.1437746534620954,0.0069188700392281,0.001379817627886,0.0011940980187458,1,none
DST-00084,Mcdonald-Bird,distributor,South,Pharmaceuticals,Medium,active,15,37,52,0.0186000362537343,0.1865617930430106,0.0475846486141454,0.0032083125363157,0.0027634113147167,1,bridge
SUP-00044,Allen-Allen,supplier,North,Chemicals,Large,active,0,7,7,0.0,0.0,9.810527203015464e-26,0.0003798909491624,0.0015671328479881,4,none
SUP-00043,Rodriguez LLC,supplier,Central,Automotive,Small,active,0,4,4,0.0,0.0,9.810527203015464e-26,0.0003798909491624,0.001118474674759,2,none
MFG-00030,Herman-Walker,manufacturer,West,Food_Beverage,Medium,active,3,9,12,0.0004851878853229,0.0030211480362537,2.246610729490541e-23,0.0005448978499492,0.0012037372018589,3,none
SUP-00168,Johnson-Rogers,supplier,North,Electronics,Medium,active,0,4,4,0.0,0.0,9.810527203015464e-26,0.0003798909491624,0.0007888862868778,4,none
DST-00048,Robertson-Hays,distributor,Central,Chemicals,Large,active,4,4,8,0.0015581217145889,0.1758063448449491,0.0207923586887625,0.0008063095084243,0.0007540856876687,2,none
RET-00027,Harris-Barker,retailer,South,Textiles,Medium,active,8,0,8,0.0,0.180026281937237,0.0742934569632231,0.0015174622197661,0.0005015832832643,1,none
DST-00148,Thornton PLC,distributor,Central,Chemicals,Enterprise,active,4,4,8,0.0001343878232095,0.1546062892866757,0.0213250894223277,0.0015661679029676,0.0006046554741082,2,none
LOG-00007,Kelly Group,logistics_provider,East,Chemicals,Large,active,0,6,6,0.0,0.0,9.810527203015464e-26,0.0003798909491624,0.0012585092181125,0,none
SUP-00101,Figueroa PLC,supplier,East,Pharmaceuticals,Large,active,0,4,4,0.0,0.0,9.810527203015464e-26,0.0003798909491624,0.000796066373016,0,none
MFG-00127,Johnson-Wood,manufacturer,West,Textiles,Large,active,4,8,12,0.0019916848910901,0.156797970222117,0.0184465015673,0.0006230192245795,0.0012810911507786,3,none
SUP-00179,"Williams, Johnson and Wright",supplier,Central,Food_Beverage,Medium,active,0,4,4,0.0,0.0,9.810527203015464e-26,0.0003798909491624,0.0011921456467838,2,none
MFG-00145,"Conner, Li and Santiago",manufacturer,South,Chemicals,Enterprise,active,7,4,11,0.0008103668128783,0.0074155451798956,5.537061553381927e-22,0.0008246722379221,0.0008834321330336,1,none
MFG-00117,"Mullen, Brewer and Hernandez",manufacturer,Central,Textiles,Small,active,0,7,7,0.0,0.0,9.810527203015464e-26,0.0003798909491624,0.0008990803808578,2,none
RET-00021,Adams-Clayton,retailer,West,Chemicals,Large,active,12,0,12,0.0,0.1887643594162872,0.0242638683808167,0.0019829802729761,0.0005015832832643,3,none
RET-00033,Barber-Fischer,retailer,North,Electronics,Enterprise,active,17,0,17,0.0,0.232813832806986,0.0977419684360513,0.0046432914474538,0.0005015832832643,4,none
WHS-00031,Morales and Sons,warehouse,East,Textiles,Large,active,5,4,9,0.0010093700983494,0.1202493370304866,0.0004753976563509,0.0006750790060721,0.0011287142008269,0,none
SUP-00178,Walker-Jones,supplier,West,Textiles,Enterprise,active,0,6,6,0.0,0.0,9.810527203015464e-26,0.0003798909491624,0.0012659350858698,3,none
MFG-00096,Reed Inc,manufacturer,East,Electronics,Large,active,21,4,25,0.0053049683159054,0.2001205618106259,0.0478953088988422,0.0027106810899501,0.0009756980008715,0,none
RET-00062,Matthews Inc,retailer,South,Chemicals,Enterprise,active,3,0,3,0.0,0.1592230830672684,0.0151727152358245,0.0008953767144839,0.0005015832832643,1,none
LOG-00044,Ferguson-Mclean,logistics_provider,South,Food_Beverage,Large,active,0,3,3,0.0,0.0,9.810527203015464e-26,0.0003798909491624,0.0006948125227029,1,none
RET-00111,Green-Edwards,retailer,West,Electronics,Medium,active,12,0,12,0.0,0.207489853650466,0.0875988626467406,0.0031526500933825,0.0005015832832643,3,none
WHS-00035,Young-Walter,warehouse,East,Automotive,Large,active,9,2,11,0.0012024244529782,0.1836221587125636,0.0361500632374978,0.0017502706566826,0.0006899061912587,0,none
MFG-00084,"Gallegos, Adams and White",manufacturer,North,Chemicals,Medium,active,10,4,14,0.0014308385554842,0.1821868096215664,0.0226928914445736,0.0013407608554057,0.0010970254761648,4,none
RET-00107,Haynes-Watson,retailer,West,Pharmaceuticals,Enterprise,active,9,0,9,0.0,0.2155949635614985,0.0599153451097141,0.0014213642872936,0.0005015832832643,3,none
LOG-00002,"Ramsey, Mason and Mccann",logistics_provider,South,Pharmaceuticals,Enterprise,active,0,3,3,0.0,0.0,9.810527203015464e-26,0.0003798909491624,0.000711832372381,1,none
SUP-00258,"Bryan, Smith and Booth",supplier,West,Electronics,Small,active,0,5,5,0.0,0.0,9.810527203015464e-26,0.0003798909491624,0.0010859220599304,3,none
DST-00089,Owens-Holmes,distributor,East,Food_Beverage,Medium,active,1,2,3,5.4094624669800086e-05,0.1320580356398707,0.0031846266722696,0.0004191579696496,0.000548935634321,0,none
MFG-00036,"Avery, Horton and Fernandez",manufacturer,North,Food_Beverage,Large,active,9,5,14,0.0024672133482011,0.1313064692282597,0.0014322921133045,0.0010863842485088,0.001206523544906,4,dependent_manufacturer
SUP-00016,Galloway-Wyatt,supplier,North,Textiles,Large,active,1,5,6,4.372679271310061e-05,0.0010070493454179,9.418106114894844e-24,0.000480971335406,0.0009649512255833,4,none
MFG-00025,"Diaz, Gibbs and Smith",manufacturer,East,Automotive,Enterprise,active,12,7,19,0.0031715525740862,0.1652552930018868,0.0099330212844269,0.0012737512559486,0.0009804693751552,0,none
SUP-00223,Sheppard LLC,supplier,East,Textiles,Enterprise,active,0,5,5,0.0,0.0,9.810527203015464e-26,0.0003798909491624,0.0008618336190396,0,none
SUP-00180,Howell and Sons,supplier,West,Food_Beverage,Large,active,0,3,3,0.0,0.0,9.810527203015464e-26,0.0003798909491624,0.0007103386025252,3,none
RET-00134,Jackson PLC,retailer,West,Chemicals,Enterprise,active,5,0,5,0.0,0.1792401965438859,0.0198465092167381,0.0009246711134612,0.0005015832832643,3,none
SUP-00023,Perez Inc,supplier,South,Chemicals,Large,active,1,4,5,6.248693777626141e-05,0.0010070493454179,5.6901057777489694e-24,0.0004492032140152,0.0008778654429861,1,none
MFG-00057,Hayes and Sons,manufacturer,Central,Automotive,Enterprise,active,7,7,14,0.0002173939746228,0.0071612397896385,3.6171413797518016e-22,0.000798136430622,0.0012831494820542,2,none
WHS-00017,"Stuart, Brooks and Vance",warehouse,Central,Food_Beverage,Medium,active,2,4,6,0.0002187951895646,0.0027973592928275,7.89413881917842e-21,0.00049210019991,0.0009353137074559,2,none
RET-00012,Burns-Ray,retailer,South,Textiles,Large,active,5,0,5,0.0,0.1638370919695424,0.0322335444457249,0.0012083964557609,0.0005015832832643,1,none
MFG-00041,Garcia-Jennings,manufacturer,South,Chemicals,Large,active,9,3,12,0.00226642775353,0.1483503414558879,0.0053439772584675,0.0013813646437534,0.0008737531840431,1,none
MFG-00132,"Lopez, Jacobs and Mason",manufacturer,West,Automotive,Enterprise,active,5,7,12,0.0003639707791377,0.0050352467270896,3.924210881206188e-23,0.0007108780600684,0.0009605881679175,3,none
DST-00102,"Fowler, Jimenez and Burton",distributor,Central,Automotive,Medium,active,4,4,8,0.0003964117362492,0.174303726512941,0.0148067315146096,0.000865388260795,0.000636173762953,2,none
LOG-00084,Burns and Sons,logistics_provider,East,Automotive,Large,active,0,3,3,0.0,0.0,9.810527203015464e-26,0.0003798909491624,0.0006011130548594,0,none
SUP-00204,"Beard, Peters and Black",supplier,East,Pharmaceuticals,Enterprise,active,0,7,7,0.0,0.0,9.810527203015464e-26,0.0003798909491624,0.0009546768118312,0,none
DST-00181,Small-Anderson,distributor,Central,Electronics,Small,active,2,8,10,0.002439369908546,0.1639269409857953,0.0106442771465131,0.0005806444002992,0.0009581031397449,2,none
SUP-00094,Newton and Sons,supplier,Central,Food_Beverage,Medium,active,0,5,5,0.0,0.0,9.810527203015464e-26,0.0003798909491624,0.0010073663170049,2,none
DST-00109,Gross-Valencia,distributor,North,Electronics,Large,active,1,6,7,0.0013792435068864,0.1657168999655792,0.0155754170893475,0.0021517370010724,0.0007448425693601,4,none
SUP-00069,Russell Group,supplier,South,Electronics,Small,active,0,2,2,0.0,0.0,9.810527203015464e-26,0.0003798909491624,0.0005895601088209,1,none
DST-00173,Pearson and Sons,distributor,East,Chemicals,Small,active,3,7,10,0.0015684333776511,0.1903158798671481,0.0212475665044587,0.0009752032272594,0.000754381679709,0,none
SUP-00285,Garcia-Lozano,supplier,East,Textiles,Large,active,1,6,7,8.859136974695887e-05,0.0010070493454179,3.826105609176031e-24,0.0004387013557041,0.0020355530200494,0,none
LOG-00095,Adams PLC,logistics_provider,East,Food_Beverage,Enterprise,active,0,6,6,0.0,0.0,9.810527203015464e-26,0.0003798909491624,0.0008857062218753,0,none
MFG-00135,"Kim, Gonzales and Mills",manufacturer,East,Automotive,Medium,active,15,10,25,0.0104131614278146,0.1753340010920072,0.0121981339625571,0.0041082946452117,0.0018275354361002,0,none
SUP-00154,Green-Wright,supplier,Central,Automotive,Enterprise,active,1,6,7,0.0004905377388261,0.0010070493454179,9.418106114894844e-24,0.0005042975783853,0.0011309352316703,2,none
SUP-00076,"Daniels, Adkins and Brown",supplier,West,Automotive,Enterprise,active,0,7,7,0.0,0.0,9.810527203015464e-26,0.0003798909491624,0.0013680587419999,3,none
WHS-00081,Rodriguez Inc,warehouse,West,Chemicals,Enterprise,active,12,3,15,0.023454241063506,0.1930748970604885,0.0295086679040366,0.0011846821146619,0.0010837921068714,3,none
MFG-00147,"Henderson, Cox and Cox",manufacturer,Central,Automotive,Small,active,6,7,13,0.0005509792969216,0.0064451158106747,3.1325013359228363e-22,0.0007855510807849,0.0013775820812345,2,none
SUP-00189,Garcia LLC,supplier,West,Automotive,Enterprise,active,0,2,2,0.0,0.0,9.810527203015464e-26,0.0003798909491624,0.000687835701192,3,none
SUP-00272,"Suarez, Shields and Hill",supplier,South,Chemicals,Medium,active,0,5,5,0.0,0.0,9.810527203015464e-26,0.0003798909491624,0.0012050587922995,1,none
SUP-00237,Warner-Gibson,supplier,East,Automotive,Large,active,0,1,1,0.0,0.0,9.810527203015464e-26,0.0003798909491624,0.0005603429779107,0,none
DST-00038,Williams-Hughes,distributor,East,Chemicals,Large,active,3,5,8,0.0015607343702555,0.171014976956093,0.0260921034341259,0.0009805047921029,0.0008538796958557,0,none
SUP-00118,Rasmussen LLC,supplier,North,Electronics,Enterprise,active,0,3,3,0.0,0.0,9.810527203015464e-26,0.0003798909491624,0.0009850032122019,4,none
RET-00094,Murphy-Tran,retailer,East,Electronics,Enterprise,active,4,0,4,0.0,0.1801757909763952,0.0202783290179613,0.0008216986073492,0.0005015832832643,0,none
DST-00063,"Sullivan, Palmer and Brady",distributor,North,Pharmaceuticals,Enterprise,active,4,5,9,0.000947720698159,0.1949785336314464,0.0288056367551375,0.0010610644793705,0.0006812598961038,4,none
LOG-00076,Bruce-Williamson,logistics_provider,North,Pharmaceuticals,Medium,active,0,6,6,0.0,0.0,9.810527203015464e-26,0.0003798909491624,0.0011611224245534,4,none
DST-00142,"Harvey, Randall and Hernandez",distributor,East,Textiles,Large,active,1,5,6,0.0001823274035716,0.1319169500837782,0.0025477013378157,0.0004113045655522,0.0006975324675598,0,none
SUP-00127,"Mcdaniel, Bentley and Mclaughlin",supplier,West,Pharmaceuticals,Small,active,0,8,8,0.0,0.0,9.810527203015464e-26,0.0003798909491624,0.0017088739507308,3,none
SUP-00117,Ross LLC,supplier,Central,Food_Beverage,Large,active,0,12,12,0.0,0.0,9.810527203015464e-26,0.0003798909491624,0.0016399147509232,2,none
DST-00024,Lowery-Kennedy,distributor,West,Chemicals,Enterprise,active,4,5,9,0.0003062156544507,0.1598767127468033,0.0089285466588683,0.0008337771162037,0.0007527129458036,3,none
WHS-00044,Faulkner-Grant,warehouse,Central,Automotive,Enterprise,active,20,36,56,0.035572211710551,0.1931892102026202,0.056144229320207,0.0026770743015018,0.0037563988483045,2,bridge
SUP-00058,"Johnston, Sanchez and Kennedy",supplier,South,Chemicals,Enterprise,active,0,4,4,0.0,0.0,9.810527203015464e-26,0.0003798909491624,0.0010563713109662,1,none
RET-00014,Schultz Inc,retailer,North,Automotive,Enterprise,active,14,0,14,0.0,0.2177040608764664,0.1066369220861707,0.0021121635954294,0.0005015832832643,4,none
RET-00063,Lewis-Livingston,retailer,Central,Textiles,Medium,active,12,0,12,0.0,0.1889270873123358,0.0304668958408707,0.0018288523191585,0.0005015832832643,2,none
MFG-00070,Edwards-Scott,manufacturer,Central,Automotive,Medium,active,4,8,12,0.0001066292021433,0.0040281973816717,2.805810780062422e-23,0.0005660072158966,0.0011311281010202,2,none
SUP-00269,Hicks-Hill,supplier,West,Automotive,Enterprise,active,0,3,3,0.0,0.0,9.810527203015464e-26,0.0003798909491624,0.0008957043775052,3,none
SUP-00047,Anderson Group,supplier,North,Chemicals,Large,active,0,4,4,0.0,0.0,9.810527203015464e-26,0.0003798909491624,0.0009536605792539,4,none
MFG-00050,"Smith, Garrison and Thomas",manufacturer,South,Pharmaceuticals,Small,active,9,6,15,0.0014470774998359,0.1297917963533116,0.0008735262679796,0.0009973386418962,0.001364570943565,1,none
SUP-00196,"Nelson, Morton and Medina",supplier,West,Food_Beverage,Small,active,0,4,4,0.0,0.0,9.810527203015464e-26,0.0003798909491624,0.0011327150850715,3,none
RET-00150,Stokes Group,retailer,Central,Chemicals,Enterprise,active,4,0,4,0.0,0.1883665797766416,0.0221458805393014,0.0009083561189749,0.0005015832832643,2,none
LOG-00085,Edwards Group,logistics_provider,Central,Food_Beverage,Enterprise,active,0,3,3,0.0,0.0,9.810527203015464e-26,0.0003798909491624,0.0006565792583105,2,none
WHS-00087,"Frey, Santos and Johnson",warehouse,North,Food_Beverage,Enterprise,active,1,2,3,4.991255996275e-06,0.0010070493454179,7.554105946321909e-24,0.0004278105396779,0.0006247459308773,4,none
SUP-00264,"Lloyd, Mckinney and Collins",supplier,Central,Chemicals,Small,active,0,5,5,0.0,0.0,9.810527203015464e-26,0.0003798909491624,0.0011322071900649,2,none
MFG-00144,Collins Group,manufacturer,East,Electronics,Medium,active,12,5,17,0.0008180151912358,0.0120845921450151,9.143411353210416e-23,0.0013051916255593,0.001067033775341,0,none
WHS-00026,Johnson Ltd,warehouse,East,Textiles,Small,active,7,5,12,0.0032017282493945,0.1816290431573757,0.0179242565386731,0.0009689880264509,0.0017774702231258,0,none
MFG-00005,"Evans, Hayden and Vaughn",manufacturer,West,Electronics,Medium,active,5,11,16,0.0013629155100352,0.0051791109192921,1.6413012010644876e-22,0.0006381460927568,0.0013563566866312,3,none
MFG-00042,"Winters, Newman and Brown",manufacturer,South,Chemicals,Small,active,14,5,19,0.0014617750463449,0.1594802424399929,0.0062813702989534,0.0014049857129835,0.0010096718533955,1,none
RET-00117,"Howard, Townsend and Hayes",retailer,Central,Food_Beverage,Enterprise,active,24,0,24,0.0,0.2032987855146419,0.092489767560945,0.0038410273238369,0.0005015832832643,2,none
SUP-00150,"Schmidt, Hansen and Stewart",supplier,North,Textiles,Medium,active,1,3,4,6.891199985805775e-05,0.0010070493454179,3.826105609176031e-24,0.0004139390792655,0.0008003192247244,4,none
SUP-00125,Scott Ltd,supplier,Central,Electronics,Large,active,0,4,4,0.0,0.0,9.810527203015464e-26,0.0003798909491624,0.0011140546350514,2,none
LOG-00037,Maldonado PLC,logistics_provider,West,Food_Beverage,Enterprise,active,0,4,4,0.0,0.0,9.810527203015464e-26,0.0003798909491624,0.0007756418062593,3,none
SUP-00051,"Brooks, Lam and Hayes",supplier,Central,Textiles,Small,active,0,6,6,0.0,0.0,9.810527203015464e-26,0.0003798909491624,0.0012417663839678,2,none
MFG-00054,"Morris, Thompson and Williams",manufacturer,West,Automotive,Small,active,7,8,15,0.0011683433697326,0.0071612397896385,1.8090612162360532e-22,0.0007789684704204,0.0009359063701752,3,none
RET-00078,"Tanner, Wise and Johnson",retailer,North,Food_Beverage,Enterprise,active,7,0,7,0.0,0.2043114888330462,0.0487616072498696,0.0015308973795281,0.0005015832832643,4,none
SUP-00143,Gibson Ltd,supplier,North,Electronics,Large,active,2,4,6,0.0001050569277323,0.0020140986908358,1.6874106789186605e-23,0.0005804966387842,0.0007273137358016,4,none
DST-00021,Walker-Flores,distributor,South,Automotive,Medium,active,0,8,8,0.0,0.0,9.810527203015464e-26,0.0003798909491624,0.0010189547021541,1,none
MFG-00100,Duran LLC,manufacturer,North,Food_Beverage,Large,active,15,9,24,0.0067710929663593,0.1460593446876569,0.0034583571967717,0.0014589955342001,0.001743123912102,4,none
DST-00176,Osborn Group,distributor,East,Textiles,Medium,active,6,4,10,0.0012127699722594,0.1979954951651854,0.0395859514844558,0.0015958828740601,0.0007987486076688,0,none
MFG-00021,Coffey-Phillips,manufacturer,East,Textiles,Large,active,14,6,20,0.0003092773788261,0.0140986908358509,1.1380211555497949e-22,0.0012856632535378,0.0008725349588129,0,dependent_manufacturer
SUP-00020,"Reid, Ferguson and Sanchez",supplier,North,Food_Beverage,Large,active,0,3,3,0.0,0.0,9.810527203015464e-26,0.0003798909491624,0.0006534782555313,4,none
LOG-00060,Alvarez-Kim,logistics_provider,Central,Textiles,Medium,active,0,4,4,0.0,0.0,9.810527203015464e-26,0.0003798909491624,0.0011450038975736,2,none
LOG-00041,"Porter, Schultz and Allen",logistics_provider,South,Electronics,Small,active,0,8,8,0.0,0.0,9.810527203015464e-26,0.0003798909491624,0.0018527984485129,1,none
LOG-00059,Mueller-Boyd,logistics_provider,East,Automotive,Small,active,0,4,4,0.0,0.0,9.810527203015464e-26,0.0003798909491624,0.0008887174206398,0,none
MFG-00108,Roberts-Sullivan,manufacturer,Central,Electronics,Large,active,9,7,16,0.0033000076837211,0.1674603931394537,0.0114477180872263,0.0024333509565429,0.0014214644855989,2,none
DST-00088,"Jones, Compton and Day",distributor,West,Pharmaceuticals,Medium,active,11,6,17,0.0012354817872739,0.204254507688404,0.0476412861037644,0.0028432563130703,0.0008722153527639,3,none
DST-00171,Santos-Avila,distributor,South,Chemicals,Enterprise,active,1,7,8,0.0001424045514629,0.1502286261658497,0.0110313752726852,0.0008729256814608,0.0008212909580907,1,none
SUP-00039,Harrell LLC,supplier,North,Electronics,Medium,active,0,9,9,0.0,0.0,9.810527203015464e-26,0.0003798909491624,0.0015996523020848,4,none
SUP-00176,King-Miller,supplier,North,Food_Beverage,Medium,active,0,4,4,0.0,0.0,9.810527203015464e-26,0.0003798909491624,0.0008243463332546,4,none
SUP-00246,Navarro-Munoz,supplier,West,Chemicals,Large,active,0,7,7,0.0,0.0,9.810527203015464e-26,0.0003798909491624,0.0009406677521205,3,none
LOG-00079,Allen Inc,logistics_provider,South,Chemicals,Small,active,0,4,4,0.0,0.0,9.810527203015464e-26,0.0003798909491624,0.0007582658733411,1,none
WHS-00018,Kane-Knox,warehouse,South,Automotive,Large,active,11,4,15,0.0051485046206732,0.2015420481977922,0.0516870485025968,0.0013459349221949,0.0010120297922577,1,none
LOG-00005,"Sanders, Ayala and Johnson",logistics_provider,West,Automotive,Large,active,0,4,4,0.0,0.0,9.810527203015464e-26,0.0003798909491624,0.0008882858977669,3,none
RET-00009,Sellers-Riddle,retailer,Central,Chemicals,Enterprise,active,4,0,4,0.0,0.1991523618142829,0.0680424795356726,0.0010597583910449,0.0005015832832643,2,none
SUP-00155,"Ramirez, Strickland and Washington",supplier,East,Food_Beverage,Large,active,0,6,6,0.0,0.0,9.810527203015464e-26,0.0003798909491624,0.0011162478148784,0,none
SUP-00288,Morgan-Schwartz,supplier,East,Textiles,Enterprise,active,0,2,2,0.0,0.0,9.810527203015464e-26,0.0003798909491624,0.0007460124799115,0,none
DST-00153,"Becker, Lara and Baker",distributor,North,Chemicals,Enterprise,active,1,7,8,0.0023308967546446,0.168367686291138,0.0064070895411731,0.0005920123313686,0.0008203815232677,4,none
DST-00120,Williams-Campbell,distributor,South,Chemicals,Small,active,5,9,14,0.0023560368338203,0.1844525585258482,0.0339656147598545,0.0012398618024181,0.000922992611795,1,none
WHS-00094,"Alvarez, Williams and Jones",warehouse,East,Pharmaceuticals,Small,active,20,2,22,0.0041790875989352,0.1889930935605129,0.0231046592433447,0.002284013490687,0.0008875013717672,0,none
SUP-00018,"Flowers, Martin and Kelly",supplier,North,Electronics,Medium,active,0,12,12,0.0,0.0,9.810527203015464e-26,0.0003798909491624,0.0017300236504955,4,none
SUP-00128,Diaz Inc,supplier,East,Automotive,Small,active,0,5,5,0.0,0.0,9.810527203015464e-26,0.0003798909491624,0.000735100037833,0,none
MFG-00023,Taylor and Sons,manufacturer,Central,Textiles,Enterprise,active,8,10,18,0.0013373662685237,0.0080563947633434,5.788211049779124e-23,0.0007761176949175,0.001750264872584,2,none
SUP-00256,"Johnson, Miller and King",supplier,East,Electronics,Small,active,0,4,4,0.0,0.0,9.810527203015464e-26,0.0003798909491624,0.0007156886663068,0,none
WHS-00008,Chavez PLC,warehouse,West,Food_Beverage,Medium,active,1,7,8,0.0003523158052891,0.0018126888217522,5.965781592153705e-22,0.0006048930812943,0.0009359202958225,3,none
RET-00115,Moore and Sons,retailer,West,Electronics,Large,active,6,0,6,0.0,0.194265367048009,0.0457550884484557,0.0017832046138135,0.0005015832832643,3,none
SUP-00191,Reed Group,supplier,West,Food_Beverage,Small,active,0,5,5,0.0,0.0,9.810527203015464e-26,0.0003798909491624,0.0008271632801298,3,none
SUP-00116,Walker Ltd,supplier,East,Pharmaceuticals,Large,active,0,3,3,0.0,0.0,9.810527203015464e-26,0.0003798909491624,0.000752477453571,0,none
DST-00167,"Perez, Hall and Garcia",distributor,East,Chemicals,Enterprise,active,2,4,6,0.0001733254093727,0.1644997507065424,0.0099330212844269,0.0005628337273705,0.0006860882748283,0,none
DST-00157,Stewart-Bailey,distributor,South,Chemicals,Large,active,3,5,8,0.0009051607969663,0.1654984843308675,0.0234563286268113,0.0010601923340693,0.0007079122428413,1,none
SUP-00181,Wells Inc,supplier,South,Chemicals,Large,active,0,6,6,0.0,0.0,9.810527203015464e-26,0.0003798909491624,0.00142028829753,1,none
MFG-00002,Estrada-Nolan,manufacturer,North,Automotive,Large,active,7,6,13,0.0021806221019433,0.150749168876057,0.0096492687055649,0.0010963120354194,0.0013629373031719,4,none
LOG-00010,Marquez Inc,logistics_provider,West,Chemicals,Large,active,0,5,5,0.0,0.0,9.810527203015464e-26,0.0003798909491624,0.0008801307726848,3,none
WHS-00063,"Butler, Hernandez and Rivera",warehouse,South,Pharmaceuticals,Large,active,29,36,65,0.0512985361195093,0.2200988708480442,0.0632914656363497,0.0028368585694677,0.0048427159317415,1,bridge
WHS-00074,Mann Inc,warehouse,Central,Chemicals,Large,active,11,5,16,0.0054929036350724,0.1886107375908818,0.0616178850539457,0.0015956675425655,0.0010683185937657,2,none
WHS-00036,"Boyd, Gutierrez and Hill",warehouse,South,Pharmaceuticals,Enterprise,active,11,7,18,0.0202465595518343,0.1998753911376573,0.0353550069110976,0.0011013219544445,0.001468745258104,1,none
RET-00130,Johnson Inc,retailer,East,Food_Beverage,Small,active,16,0,16,0.0,0.2301192558435363,0.1024114283335658,0.00267228547682,0.0005015832832643,0,none
DST-00068,"Hernandez, Cole and Watson",distributor,North,Automotive,Small,active,3,6,9,0.0031703420326135,0.1895420133791609,0.0227985538463168,0.0007397044119562,0.0008552963201759,4,none
RET-00135,Underwood-Foster,retailer,West,Chemicals,Enterprise,active,6,0,6,0.0,0.1946490653257719,0.0425772323750703,0.0015472844649323,0.0005015832832643,3,none
SUP-00046,Spence PLC,supplier,West,Pharmaceuticals,Enterprise,active,0,7,7,0.0,0.0,9.810527203015464e-26,0.0003798909491624,0.001418663610281,3,none
RET-00060,"Fisher, Payne and Thompson",retailer,West,Automotive,Enterprise,active,5,0,5,0.0,0.1677475662974152,0.0159663724592708,0.0008059597721726,0.0005015832832643,3,none
SUP-00158,"Miller, Hernandez and Reyes",supplier,South,Textiles,Large,active,1,3,4,3.139497120042388e-05,0.0010070493454179,5.6901057777489694e-24,0.000415830642049,0.0009271734750335,1,none
RET-00002,"Norris, Callahan and Bishop",retailer,North,Chemicals,Medium,active,10,0,10,0.0,0.2137260727082389,0.0973083996264698,0.0016975909837663,0.0005015832832643,4,none
SUP-00172,"Alvarado, Miller and Patterson",supplier,South,Pharmaceuticals,Small,active,0,2,2,0.0,0.0,9.810527203015464e-26,0.0003798909491624,0.0006018026368744,1,none
SUP-00017,James Group,supplier,Central,Automotive,Medium,active,0,9,9,0.0,0.0,9.810527203015464e-26,0.0003798909491624,0.0015744208338272,2,none
DST-00062,"Whitney, Gould and Jones",distributor,North,Textiles,Medium,active,3,6,9,0.0002126680754959,0.1571377683757407,0.0175049813698251,0.0007706618681488,0.0007067673157789,4,none
SUP-00049,Hickman Ltd,supplier,East,Chemicals,Medium,active,0,2,2,0.0,0.0,9.810527203015464e-26,0.0003798909491624,0.0006886754468801,0,none
RET-00122,Foster-Williams,retailer,South,Automotive,Small,active,12,0,12,0.0,0.2106232309622891,0.0787815948403414,0.0042237252865692,0.0005015832832643,1,none
RET-00091,Walker PLC,retailer,South,Textiles,Medium,active,7,0,7,0.0,0.1929839258288848,0.0601999640602078,0.001529369284122,0.0005015832832643,1,none
DST-00066,Osborne LLC,distributor,West,Food_Beverage,Large,active,2,7,9,0.0014431746553178,0.1742571834618027,0.0124754152132575,0.0005345437755933,0.0009648469169071,3,none
RET-00103,"Acosta, Garcia and Moreno",retailer,North,Automotive,Small,active,14,0,14,0.0,0.2373651390351352,0.0967944390478391,0.0026551667456396,0.0005015832832643,4,none
DST-00031,Brown-Copeland,distributor,Central,Food_Beverage,Enterprise,active,5,8,13,0.0029187971195804,0.1820343520402932,0.0253770150133671,0.001174409168841,0.0010843676316472,2,none
SUP-00284,"Sanford, Rivera and Garcia",supplier,North,Electronics,Medium,active,1,9,10,4.587796911279028e-05,0.0010070493454179,5.6901057777489694e-24,0.0004545349266961,0.0016553652957846,4,none
WHS-00069,White-Preston,warehouse,West,Automotive,Medium,active,3,5,8,0.0009907487005841,0.1569110728695482,0.0026573679524496,0.0007504741617624,0.000962727706462,3,none
RET-00028,Khan LLC,retailer,West,Electronics,Large,active,5,0,5,0.0,0.1951716910978279,0.0331722312005233,0.001122632713349,0.0005015832832643,3,none
SUP-00226,Hernandez PLC,supplier,North,Food_Beverage,Large,active,0,3,3,0.0,0.0,9.810527203015464e-26,0.0003798909491624,0.0007540977427005,4,none
SUP-00027,Baker and Sons,supplier,East,Chemicals,Medium,active,0,5,5,0.0,0.0,9.810527203015464e-26,0.0003798909491624,0.0008943329711454,0,none
RET-00105,Dawson Inc,retailer,Central,Pharmaceuticals,Medium,active,6,0,6,0.0,0.2027946399751765,0.056685742611629,0.0011023324492469,0.0005015832832643,2,none
MFG-00138,"Williams, Mccoy and Cook",manufacturer,North,Chemicals,Large,active,11,5,16,0.0003507219108887,0.0122764110679518,1.0905382038871985e-21,0.0010685973968758,0.0006922017249539,4,dependent_manufacturer
RET-00102,Blake Group,retailer,North,Chemicals,Small,active,9,0,9,0.0,0.1979595167986956,0.0610476371196085,0.0023056638133788,0.0005015832832643,4,none
MFG-00065,"Phillips, Wagner and Jordan",manufacturer,East,Pharmaceuticals,Large,active,4,8,12,0.0024833441472231,0.1738394118445527,0.01663388695101,0.0006857546436291,0.0012218577927916,0,none
SUP-00230,Kerr-Evans,supplier,West,Food_Beverage,Large,active,0,3,3,0.0,0.0,9.810527203015464e-26,0.0003798909491624,0.0007436804714,3,none
SUP-00038,"Baker, Mason and White",supplier,Central,Food_Beverage,Small,active,0,6,6,0.0,0.0,9.810527203015464e-26,0.0003798909491624,0.0011721818313621,2,none
RET-00116,Owens-Russell,retailer,West,Textiles,Large,active,13,0,13,0.0,0.216556740397539,0.0730903633329111,0.0026463773542345,0.0005015832832643,3,none
MFG-00075,"Hoffman, Santiago and Jenkins",manufacturer,South,Automotive,Enterprise,active,8,3,11,0.000228008011673,0.1464526822406757,0.0132683134147285,0.0010245194300294,0.000800695548398,1,none
DST-00020,Hughes Inc,distributor,Central,Electronics,Small,active,2,7,9,0.0023375350532294,0.1578981737392816,0.0202031159265088,0.002086276057511,0.0009815040060712,2,none
RET-00118,Baker-Wilson,retailer,Central,Electronics,Large,active,3,0,3,0.0,0.1453166389515592,0.0052434549847303,0.0007045291917244,0.0005015832832643,2,none
RET-00001,Clark Ltd,retailer,South,Chemicals,Medium,active,11,0,11,0.0,0.1789559225192694,0.0589181450835792,0.0019025900672675,0.0005015832832643,1,none
WHS-00055,Sanders and Sons,warehouse,West,Chemicals,Medium,active,19,2,21,0.0015825924461313,0.1938203599835019,0.0259503558179581,0.0020882259756637,0.0006874028574508,3,none
LOG-00092,Medina and Sons,logistics_provider,East,Pharmaceuticals,Enterprise,active,0,2,2,0.0,0.0,9.810527203015464e-26,0.0003798909491624,0.0006411413040014,0,none
SUP-00195,"Hernandez, Thompson and Boyd",supplier,West,Pharmaceuticals,Large,active,0,4,4,0.0,0.0,9.810527203015464e-26,0.0003798909491624,0.0007319391530469,3,none
RET-00005,"Bell, Campbell and Ryan",retailer,West,Electronics,Small,active,7,0,7,0.0,0.2040597344229318,0.0820010519547721,0.0019727850975086,0.0005015832832643,3,none
DST-00054,"Jimenez, Glass and Stone",distributor,North,Electronics,Large,active,3,4,7,0.0018343245347455,0.1750048678102577,0.0211849102600262,0.0012310915485701,0.0006714528602084,4,none
RET-00120,"Terry, Williams and Huff",retailer,East,Textiles,Small,active,3,0,3,0.0,0.1732562257838769,0.0487791833116114,0.000955573583318,0.0005015832832643,0,none
LOG-00081,"Price, Carlson and Andrews",logistics_provider,West,Pharmaceuticals,Large,active,0,2,2,0.0,0.0,9.810527203015464e-26,0.0003798909491624,0.0005705707161143,3,none
DST-00130,"Morales, Williams and Williams",distributor,West,Chemicals,Enterprise,active,10,8,18,0.0027441446710493,0.1756643747145225,0.0084128089724946,0.0009759296460088,0.0008526820298312,3,none
RET-00119,Aguirre LLC,retailer,East,Food_Beverage,Medium,active,10,0,10,0.0,0.2148490996912707,0.0731279675403675,0.0013799605824618,0.0005015832832643,0,none
SUP-00163,"Smith, Gilmore and Johnston",supplier,South,Textiles,Enterprise,active,0,10,10,0.0,0.0,9.810527203015464e-26,0.0003798909491624,0.0019356573538906,1,none
RET-00059,Peck-Anderson,retailer,South,Food_Beverage,Large,active,8,0,8,0.0,0.1682653056995677,0.0247053770693761,0.0011086636604158,0.0005015832832643,1,none
SUP-00153,Manning Group,supplier,North,Chemicals,Large,active,0,5,5,0.0,0.0,9.810527203015464e-26,0.0003798909491624,0.0008979836301375,4,none
LOG-00052,"Burgess, Grant and Watts",logistics_provider,West,Food_Beverage,Medium,active,0,4,4,0.0,0.0,9.810527203015464e-26,0.0003798909491624,0.0007651266104403,3,none
RET-00144,"Wright, Mcknight and Stephens",retailer,West,Textiles,Medium,active,8,0,8,0.0,0.2008644484371874,0.042297821979875,0.0014783842991389,0.0005015832832643,3,none
LOG-00006,Bowers-Hayes,logistics_provider,East,Textiles,Small,active,0,3,3,0.0,0.0,9.810527203015464e-26,0.0003798909491624,0.0012510862286685,0,none
SUP-00112,"Shields, Cochran and Adams",supplier,Central,Automotive,Small,active,0,5,5,0.0,0.0,9.810527203015464e-26,0.0003798909491624,0.0011316311059803,2,none
SUP-00227,Miller-Wright,supplier,West,Chemicals,Medium,active,0,2,2,0.0,0.0,9.810527203015464e-26,0.0003798909491624,0.0008421126634857,3,none
WHS-00039,David-Powers,warehouse,West,Textiles,Enterprise,active,20,1,21,0.0033728257906891,0.2022290523905953,0.0502254181451204,0.0022907631371688,0.000627070038052,3,none
SUP-00104,"Tran, Jordan and Williams",supplier,West,Automotive,Small,active,0,3,3,0.0,0.0,9.810527203015464e-26,0.0003798909491624,0.0006581795802231,3,none
MFG-00122,"Cole, Glass and Cunningham",manufacturer,West,Chemicals,Small,active,6,3,9,0.0001506476146736,0.0061681772406847,2.14458124657918e-22,0.0007690302983584,0.0009831206775442,3,none
MFG-00120,Thompson Ltd,manufacturer,West,Chemicals,Small,active,11,8,19,0.0043588310869773,0.1894319744744415,0.0220138064431336,0.0013559271642346,0.0009145945685686,3,none
LOG-00001,"Rivera, Campos and Taylor",logistics_provider,North,Food_Beverage,Small,active,0,8,8,0.0,0.0,9.810527203015464e-26,0.0003798909491624,0.0019676884407766,4,none
DST-00137,Whitney PLC,distributor,East,Automotive,Small,active,3,3,6,0.000676193638015,0.1593245000157351,0.0090011654175237,0.0008881508903918,0.0005861569089992,0,none
LOG-00031,"Harris, Edwards and Oconnell",logistics_provider,Central,Electronics,Small,active,0,5,5,0.0,0.0,9.810527203015464e-26,0.0003798909491624,0.0020520018322573,2,none
WHS-00023,Nunez-Stephens,warehouse,South,Pharmaceuticals,Large,active,5,9,14,0.0050176931973525,0.1718707274333555,0.021061407728414,0.0007316287006004,0.0013347929707945,1,none
SUP-00120,"Rivera, Johnson and Wiley",supplier,East,Pharmaceuticals,Large,active,1,10,11,0.0001378725856863,0.0010070493454179,9.418106114894844e-24,0.0004877100278222,0.0013798640318694,0,none
SUP-00054,"Robinson, Jones and Welch",supplier,East,Pharmaceuticals,Small,active,0,6,6,0.0,0.0,9.810527203015464e-26,0.0003798909491624,0.0009668048289299,0,none
SUP-00152,"Simmons, Meadows and Griffin",supplier,East,Textiles,Large,active,0,5,5,0.0,0.0,9.810527203015464e-26,0.0003798909491624,0.0007495798301469,0,none
MFG-00104,Jones-Hensley,manufacturer,East,Pharmaceuticals,Medium,active,8,8,16,0.0004720427860077,0.0081570996978851,1.4735411858929241e-22,0.0007594222254262,0.0012660649158892,0,dependent_manufacturer
RET-00096,"Mueller, Stevenson and Sanchez",retailer,North,Electronics,Medium,active,15,0,15,0.0,0.2012351610458072,0.0617458740994065,0.0029287276947929,0.0005015832832643,4,none
SUP-00208,Davis and Sons,supplier,Central,Electronics,Large,active,0,2,2,0.0,0.0,9.810527203015464e-26,0.0003798909491624,0.0008935910672883,2,none
WHS-00009,Bryant-Brown,warehouse,East,Textiles,Medium,active,4,3,7,0.007212350427766,0.1686287214636824,0.0183497635808391,0.0015862781219875,0.0010234123031011,0,none
LOG-00013,Smith LLC,logistics_provider,South,Pharmaceuticals,Enterprise,active,0,3,3,0.0,0.0,9.810527203015464e-26,0.0003798909491624,0.0010622563507505,1,none
SUP-00009,Garcia-James,supplier,North,Pharmaceuticals,Enterprise,active,0,6,6,0.0,0.0,9.810527203015464e-26,0.0003798909491624,0.0012092301670232,4,none
LOG-00058,Bailey LLC,logistics_provider,Central,Pharmaceuticals,Enterprise,active,0,8,8,0.0,0.0,9.810527203015464e-26,0.0003798909491624,0.0018195387829537,2,none
SUP-00037,Smith-Bowen,supplier,East,Pharmaceuticals,Medium,active,0,6,6,0.0,0.0,9.810527203015464e-26,0.0003798909491624,0.0008342620376986,0,none
DST-00003,Harper and Sons,distributor,North,Pharmaceuticals,Medium,active,6,6,12,0.0003857260319255,0.1594802424399929,0.0113117135688311,0.0013222426744342,0.0008747768252253,4,none
WHS-00002,"Marks, Miller and Griffin",warehouse,Central,Chemicals,Small,active,22,6,28,0.0117105056750969,0.1958562881345891,0.0461104606420353,0.0024379809820704,0.0014352084897868,2,none
SUP-00254,"Garcia, Martin and Jenkins",supplier,South,Automotive,Medium,active,0,3,3,0.0,0.0,9.810527203015464e-26,0.0003798909491624,0.0009472289515782,1,none
MFG-00004,Jones LLC,manufacturer,Central,Electronics,Enterprise,active,9,9,18,0.0098880669004069,0.2144571646613378,0.0588601767149183,0.0022429319607262,0.0013303727899554,2,dependent_manufacturer
WHS-00097,Ali PLC,warehouse,North,Chemicals,Large,active,10,5,15,0.0019995456038777,0.1776247011607107,0.0214426633177364,0.0007946966086775,0.0010396525773951,4,none
DST-00122,"Smith, Rodriguez and Anderson",distributor,Central,Textiles,Small,active,2,4,6,0.0001132148405837,0.0063050045973991,1.2121691201501845e-20,0.0005839143657787,0.0006937572657038,2,none
DST-00174,"Rodgers, Jefferson and Johnson",distributor,Central,Textiles,Large,active,2,6,8,0.0004139161598041,0.1475120144811146,0.001697910349694,0.0005468383749326,0.0006821695329677,2,none
WHS-00083,Adams-Sanders,warehouse,East,Automotive,Large,active,8,3,11,0.0011451756457522,0.1659697741771238,0.0322585583994476,0.0011681220754914,0.0010754591407775,0,none
RET-00042,May Ltd,retailer,North,Automotive,Medium,active,18,0,18,0.0,0.2306047395056535,0.1322405476661483,0.0035766696220778,0.0005015832832643,4,none
SUP-00263,Martinez-Dudley,supplier,West,Food_Beverage,Small,active,0,5,5,0.0,0.0,9.810527203015464e-26,0.0003798909491624,0.0018538670039937,3,none
DST-00161,Williams-Moses,distributor,North,Textiles,Medium,active,1,8,9,0.0001824376347664,0.0025176233635448,7.96310682541562e-21,0.0004951755314967,0.0009135481373976,4,none
SUP-00298,Schmidt PLC,supplier,East,Chemicals,Small,active,0,3,3,0.0,0.0,9.810527203015464e-26,0.0003798909491624,0.0007646449726417,0,none
MFG-00115,Dixon Inc,manufacturer,Central,Electronics,Small,active,9,9,18,0.0015472190622231,0.0100112552573899,8.836341851756019e-22,0.000885650946256,0.0017363851161708,2,none
SUP-00151,Salazar-Ball,supplier,East,Food_Beverage,Small,active,0,5,5,0.0,0.0,9.810527203015464e-26,0.0003798909491624,0.0008691455217708,0,none
LOG-00039,"Clark, Salinas and Guerra",logistics_provider,East,Electronics,Medium,active,0,5,5,0.0,0.0,9.810527203015464e-26,0.0003798909491624,0.0015499450501246,3,none
DST-00191,Young-Molina,distributor,East,Chemicals,Medium,active,5,6,11,0.0020263469792613,0.1962686171622409,0.036094481138496,0.0012676970995969,0.000782500177762,0,none
RET-00040,"Shaffer, Garcia and Richardson",retailer,North,Textiles,Large,active,6,0,6,0.0,0.1849633894712806,0.0406628523462126,0.0013642200868527,0.0005015832832643,4,none
DST-00101,"Baker, Clark and Armstrong",distributor,West,Electronics,Enterprise,active,7,3,10,0.0020073697323073,0.175098779732882,0.0239030402496899,0.0017345424562422,0.0006861863577431,3,none
RET-00037,"Wallace, Smith and Cooper",retailer,West,Food_Beverage,Medium,active,11,0,11,0.0,0.1930251462251536,0.0402110898016595,0.0022726955522887,0.0005015832832643,3,none
DST-00039,King-Smith,distributor,South,Automotive,Medium,active,8,6,14,0.0005020651606424,0.1762908942495067,0.0188705643367111,0.0014724298435345,0.0008649694316582,1,none
SUP-00148,"Holmes, Williams and Wright",supplier,West,Textiles,Medium,active,2,5,7,0.0003334863145013,0.0020140986908358,1.501010662061366e-23,0.000535399235691,0.0009888302577663,3,none
SUP-00147,Robinson-Brock,supplier,West,Textiles,Small,active,0,6,6,0.0,0.0,9.810527203015464e-26,0.0003798909491624,0.0011509867035246,3,none
WHS-00071,Landry Ltd,warehouse,North,Automotive,Enterprise,active,12,8,20,0.0068508056007237,0.175098779732882,0.0175429183477218,0.0010432328168179,0.0018432182390322,4,none
RET-00082,Moore-Ayala,retailer,West,Textiles,Enterprise,active,13,0,13,0.0,0.2192284974481255,0.0827455802302847,0.0028919479606264,0.0005015832832643,3,none
WHS-00090,Miller Group,warehouse,Central,Textiles,Small,active,10,7,17,0.0073999359576474,0.1833126831641716,0.0293737113231791,0.0011549169201137,0.0015548799397221,2,none
WHS-00010,Chambers-Parker,warehouse,East,Chemicals,Large,active,3,5,8,0.0014503318619151,0.1529395716110736,0.0096442427635049,0.0006274818423468,0.000903221399662,0,none
MFG-00049,Schroeder-Kramer,manufacturer,Central,Chemicals,Medium,active,9,4,13,0.0002609281842733,0.0091549940492538,1.6413012010644888e-22,0.0008735225844712,0.0007765152430533,2,none
DST-00014,Spencer-Garcia,distributor,West,Textiles,Enterprise,active,10,5,15,0.0059140778856563,0.198961326848918,0.0467861044793548,0.0020043141418523,0.000848364384807,3,none
MFG-00026,"Martinez, Richardson and Curry",manufacturer,West,Automotive,Medium,active,11,6,17,0.0004770436595801,0.0110775427995971,6.720211134065601e-23,0.0008024691449276,0.0011677522576864,3,none
SUP-00187,Sanders-Espinoza,supplier,West,Chemicals,Medium,active,0,9,9,0.0,0.0,9.810527203015464e-26,0.0003798909491624,0.0016984444245371,3,none
SUP-00124,"Joyce, Wilson and Lam",supplier,North,Chemicals,Medium,active,0,5,5,0.0,0.0,9.810527203015464e-26,0.0003798909491624,0.0008953901052053,4,none
RET-00004,Li Inc,retailer,East,Electronics,Enterprise,active,10,0,10,0.0,0.1757931186756493,0.0186833279554454,0.0011860437769186,0.0005015832832643,0,none
DST-00159,Huang-Foster,distributor,Central,Pharmaceuticals,Enterprise,active,4,4,8,0.0004291629936894,0.1877402238283633,0.0197397948395401,0.0011269044092286,0.0006532043862292,2,none
SUP-00144,"Lee, Horton and Snyder",supplier,South,Textiles,Large,active,1,2,3,0.0004964184777312,0.0010070493454179,5.6901057777489694e-24,0.0004769281199562,0.0006165907094292,1,none
RET-00109,Jones-Bradley,retailer,West,Electronics,Medium,active,9,0,9,0.0,0.2008822501183996,0.0813180918531082,0.0026020884644112,0.0005015832832643,3,none
SUP-00198,"Adams, Christian and Rivas",supplier,South,Food_Beverage,Medium,active,0,6,6,0.0,0.0,9.810527203015464e-26,0.0003798909491624,0.0011753551455129,1,none
DST-00160,Blevins-Ballard,distributor,East,Automotive,Enterprise,active,4,2,6,0.0002453575524324,0.2003722843981376,0.0432073355586293,0.0019842207247905,0.0005901479890455,0,none
SUP-00280,"Reyes, Chase and Jenkins",supplier,North,Chemicals,Medium,active,0,5,5,0.0,0.0,9.810527203015464e-26,0.0003798909491624,0.0015897117640203,4,none
SUP-00294,Good-Hodges,supplier,South,Food_Beverage,Enterprise,active,0,7,7,0.0,0.0,9.810527203015464e-26,0.0003798909491624,0.0013808456775395,1,none
MFG-00101,Wilson-Jimenez,manufacturer,South,Electronics,Enterprise,active,8,6,14,0.0014669511969857,0.1464526822406757,0.0159219760976743,0.0011497054780642,0.0010381672775204,1,none
SUP-00123,Chandler-Edwards,supplier,Central,Electronics,Small,active,1,7,8,0.0002269227350847,0.0010070493454179,9.418106114894844e-24,0.0004607552581573,0.0013390777133526,2,none
SUP-00184,"Higgins, Strickland and Martin",supplier,East,Pharmaceuticals,Large,active,0,5,5,0.0,0.0,9.810527203015464e-26,0.0003798909491624,0.0009329009781691,0,none
SUP-00203,Peterson-Beard,supplier,North,Automotive,Enterprise,active,0,5,5,0.0,0.0,9.810527203015464e-26,0.0003798909491624,0.0017417963501203,4,none
MFG-00139,Davis-Gregory,manufacturer,South,Textiles,Small,active,9,6,15,0.0040219583245287,0.1607372295725249,0.0373825601229899,0.0009289637035608,0.0008077410531177,1,none
SUP-00247,Davis Ltd,supplier,East,Chemicals,Enterprise,active,0,4,4,0.0,0.0,9.810527203015464e-26,0.0003798909491624,0.0006984663753037,0,none
MFG-00116,"Hicks, Bullock and Bailey",manufacturer,West,Food_Beverage,Large,active,6,8,14,0.00293427391132,0.1614130972209871,0.0373825601229899,0.0008909969636335,0.0009492886011221,3,none
RET-00083,"Craig, Wilson and Yang",retailer,Central,Food_Beverage,Enterprise,active,4,0,4,0.0,0.1395213283343824,0.0028516749104028,0.0005853056305971,0.0005015832832643,2,none
LOG-00016,Hawkins-Hunt,logistics_provider,Central,Chemicals,Medium,active,0,5,5,0.0,0.0,9.810527203015464e-26,0.0003798909491624,0.0024862757369022,2,none
RET-00057,Cruz-Allen,retailer,East,Automotive,Large,active,11,0,11,0.0,0.2010115836716461,0.0571109309201772,0.001901544298669,0.0005015832832643,0,none
LOG-00086,"Brown, Howard and Smith",logistics_provider,North,Chemicals,Enterprise,active,0,3,3,0.0,0.0,9.810527203015464e-26,0.0003798909491624,0.0011401608889913,4,none
RET-00038,Mcneil Group,retailer,East,Textiles,Enterprise,active,7,0,7,0.0,0.1945166461085587,0.0445517470394298,0.0019504840864986,0.0005015832832643,0,none
SUP-00130,Cortez LLC,supplier,North,Automotive,Enterprise,active,0,5,5,0.0,0.0,9.810527203015464e-26,0.0003798909491624,0.0009832009912372,4,none
DST-00188,Morales Inc,distributor,South,Food_Beverage,Small,active,5,7,12,0.0017345914599721,0.172415628022312,0.0502857530128029,0.0010045177952901,0.0008062184693976,1,none
MFG-00103,"Hall, Hansen and Barnett",manufacturer,Central,Electronics,Small,active,7,5,12,0.0002816715345991,0.0071612397896385,1.8836212229789705e-22,0.0008097663116594,0.0010675414191003,2,none
LOG-00035,Diaz-Frederick,logistics_provider,West,Pharmaceuticals,Medium,active,0,3,3,0.0,0.0,9.810527203015464e-26,0.0003798909491624,0.000694696939325,3,none
WHS-00086,Sutton-Abbott,warehouse,South,Food_Beverage,Medium,active,13,5,18,0.0056552158186546,0.1987795163157024,0.0598224090587697,0.0015952026857773,0.0008489492564379,1,none
RET-00064,Hunter-Fuller,retailer,West,Electronics,Medium,active,2,0,2,0.0,0.1250409683801865,0.0002231193929558,0.0004857242581304,0.0005015832832643,3,none
SUP-00220,Terry-Martinez,supplier,North,Textiles,Medium,active,0,3,3,0.0,0.0,9.810527203015464e-26,0.0003798909491624,0.0006778469379327,4,none
DST-00192,Turner-Sharp,distributor,East,Textiles,Large,active,5,10,15,0.006075581514292,0.1916010428844542,0.0406963196980667,0.0017270166332367,0.0009268642475202,0,none
RET-00066,"Herrera, Jensen and Ramirez",retailer,East,Textiles,Enterprise,active,17,0,17,0.0,0.224448966171827,0.082819896738998,0.0024970064346319,0.0005015832832643,0,none
LOG-00003,Davis and Sons,logistics_provider,East,Pharmaceuticals,Small,active,0,6,6,0.0,0.0,9.810527203015464e-26,0.0003798909491624,0.0014083103342301,0,none
LOG-00057,Guerra Ltd,logistics_provider,South,Automotive,Medium,active,0,2,2,0.0,0.0,9.810527203015464e-26,0.0003798909491624,0.000892093924003,1,none
RET-00070,Collins Group,retailer,West,Automotive,Medium,active,3,0,3,0.0,0.1732103543976487,0.0226588238272616,0.0009891672959327,0.0005015832832643,3,none
DST-00175,Butler and Sons,distributor,East,Pharmaceuticals,Medium,active,1,5,6,0.0001819646918884,0.1443470807486067,0.0032062001307992,0.0007905349606875,0.0007710543887346,0,none
RET-00025,Smith-Noble,retailer,East,Textiles,Small,active,6,0,6,0.0,0.1787564610785559,0.0210604595943806,0.000997512585625,0.0005015832832643,0,none
LOG-00011,Moore-Dawson,logistics_provider,North,Chemicals,Large,active,0,3,3,0.0,0.0,9.810527203015464e-26,0.0003798909491624,0.000943617930018,4,none
MFG-00087,"Morales, Thomas and Schultz",manufacturer,West,Chemicals,Large,active,11,9,20,0.0011494773899932,0.0113460892917086,7.512901732069239e-22,0.0012767863376585,0.0012730944221551,3,none
RET-00123,Green-Ewing,retailer,South,Automotive,Medium,active,9,0,9,0.0,0.2071412299454721,0.0801444252283121,0.001586166208166,0.0005015832832643,1,none
DST-00060,Williams-Berg,distributor,Central,Pharmaceuticals,Small,active,9,5,14,0.0012363251357035,0.1838290569195637,0.0265249987340882,0.0017691500617057,0.0007175557203068,2,none
SUP-00268,Jimenez Ltd,supplier,Central,Food_Beverage,Enterprise,active,1,3,4,7.333437766058137e-05,0.0010070493454179,3.826105609176031e-24,0.0004296536008516,0.0008176762434796,2,none
LOG-00070,Goodwin-Stokes,logistics_provider,West,Pharmaceuticals,Large,active,0,4,4,0.0,0.0,9.810527203015464e-26,0.0003798909491624,0.0022566025872268,3,none
MFG-00142,Rangel LLC,manufacturer,West,Chemicals,Small,active,2,7,9,0.0001085927169698,0.0020140986908358,1.1282106283467784e-23,0.0004492032140152,0.0010067129884135,3,none
DST-00047,Blackwell LLC,distributor,West,Textiles,Enterprise,active,7,7,14,0.0027890238675143,0.1697251370778806,0.0207229447563454,0.0012638736323332,0.0007519655434597,3,none
SUP-00113,"Rodriguez, Brennan and Garrison",supplier,South,Automotive,Small,active,0,9,9,0.0,0.0,9.810527203015464e-26,0.0003798909491624,0.0013283399689054,1,none
WHS-00042,Atkinson LLC,warehouse,South,Food_Beverage,Large,active,14,5,19,0.0076057478967381,0.2126403232533239,0.1305936979378876,0.0034805147613524,0.0009731610291543,1,none
SUP-00233,"Clark, Guerrero and Moore",supplier,West,Textiles,Enterprise,active,0,9,9,0.0,0.0,9.810527203015464e-26,0.0003798909491624,0.0015025387857442,3,none
RET-00020,Donaldson and Sons,retailer,South,Electronics,Enterprise,active,15,0,15,0.0,0.2261516824669236,0.0918105507100986,0.0020818363582519,0.0005015832832643,1,none
DST-00158,"Hill, Martinez and Rhodes",distributor,East,Food_Beverage,Small,active,1,3,4,5.794899022190901e-05,0.147611802472906,0.005236295745053,0.000633531722276,0.0007018572832884,0,none
WHS-00022,Avila LLC,warehouse,North,Food_Beverage,Enterprise,active,26,3,29,0.005210649183906,0.1846090953506226,0.0302344916909478,0.0028392489039118,0.0009283128603846,4,none
MFG-00074,"Watson, Anderson and Brown",manufacturer,Central,Textiles,Large,active,5,8,13,0.0006058729098272,0.0051791109192921,3.7662613932376362e-22,0.0007221564972284,0.0015347692827256,2,none
RET-00132,Davis LLC,retailer,South,Pharmaceuticals,Enterprise,active,10,0,10,0.0,0.1980670628398181,0.0621393703209739,0.0020628915560593,0.0005015832832643,1,none
LOG-00093,Cunningham-Barton,logistics_provider,Central,Pharmaceuticals,Enterprise,active,0,3,3,0.0,0.0,9.810527203015464e-26,0.0003798909491624,0.0012269051090708,2,none
SUP-00234,Arnold and Sons,supplier,East,Electronics,Enterprise,active,0,3,3,0.0,0.0,9.810527203015464e-26,0.0003798909491624,0.0006610821525551,0,none
LOG-00036,Vargas PLC,logistics_provider,West,Automotive,Enterprise,active,0,9,9,0.0,0.0,9.810527203015464e-26,0.0003798909491624,0.0013056282394019,3,none
WHS-00027,Mendez-Mayer,warehouse,North,Food_Beverage,Medium,active,23,6,29,0.0064768232304416,0.2122254153055125,0.0487523670437018,0.0024988646958745,0.0014485842873103,4,none
MFG-00018,Burgess-Thompson,manufacturer,South,Food_Beverage,Medium,active,9,8,17,0.0029427368339809,0.1480138698263667,0.0106879545169351,0.0010320845168785,0.0015134491654428,1,none
DST-00199,"Zhang, Brooks and Miles",distributor,Central,Electronics,Small,active,4,7,11,0.000762879686623,0.1418680765357502,0.006658559000589,0.0009408146558675,0.0009036531354107,2,none
MFG-00111,Kim Inc,manufacturer,South,Electronics,Large,active,8,8,16,0.0023494970064414,0.161054578495669,0.0069691883662149,0.0009019179097029,0.0021060105189143,1,none
RET-00049,"Cruz, Richmond and Edwards",retailer,West,Textiles,Enterprise,active,11,0,11,0.0,0.2226204613557632,0.0685761710295435,0.0018943578742077,0.0005015832832643,3,none
WHS-00060,Edwards-Williams,warehouse,East,Pharmaceuticals,Enterprise,active,11,3,14,0.0012607663431519,0.2020412235493656,0.0395165784853373,0.001442395314198,0.0007452557507549,0,none
MFG-00059,"Turner, Schneider and Johnson",manufacturer,South,Food_Beverage,Enterprise,active,10,3,13,0.0007133290258373,0.010154414232964,2.088661241521993e-22,0.0008923301676395,0.0009397782140661,1,none
SUP-00259,Gutierrez-Lopez,supplier,Central,Automotive,Enterprise,active,0,10,10,0.0,0.0,9.810527203015464e-26,0.0003798909491624,0.0015503149951055,2,none
WHS-00095,Lam-Elliott,warehouse,East,Pharmaceuticals,Enterprise,active,3,3,6,0.0010807180112044,0.1708806368327968,0.0155205073007632,0.0011123940896757,0.000889323315408,0,none
DST-00178,Mcdowell-Smith,distributor,South,Food_Beverage,Small,active,3,7,10,0.0003793830352898,0.1380565161972606,0.0024044820722342,0.0006563642006971,0.001016097520313,1,none
DST-00183,Simon Ltd,distributor,Central,Food_Beverage,Enterprise,active,1,8,9,5.6028221190912455e-05,0.0063671507000617,1.5473163504595983e-20,0.0004526705022031,0.000706044400101,2,none
SUP-00283,"Pollard, Simpson and Johnson",supplier,South,Automotive,Medium,active,0,5,5,0.0,0.0,9.810527203015464e-26,0.0003798909491624,0.0017303964656609,1,none
MFG-00077,Schmitt PLC,manufacturer,North,Food_Beverage,Small,active,20,5,25,0.002074789933718,0.1625792606039987,0.0200721554599608,0.0020064816540856,0.0008644470177419,4,none
MFG-00085,"Farmer, Dorsey and Bell",manufacturer,West,Electronics,Large,active,3,7,10,0.0001931568703481,0.0030211480362537,2.246610729490541e-23,0.0005577924289511,0.0008989466226983,3,none
SUP-00225,Jones-Soto,supplier,North,Food_Beverage,Enterprise,active,0,6,6,0.0,0.0,9.810527203015464e-26,0.0003798909491624,0.001194834357911,4,none
RET-00104,Barnes Inc,retailer,South,Chemicals,Medium,active,12,0,12,0.0,0.1930644330745006,0.0378695767917752,0.0016660342232567,0.0005015832832643,1,none
LOG-00065,Hall-Sullivan,logistics_provider,West,Pharmaceuticals,Enterprise,active,0,5,5,0.0,0.0,9.810527203015464e-26,0.0003798909491624,0.0010419892087653,3,none
DST-00023,Moody-Taylor,distributor,East,Electronics,Small,active,0,5,5,0.0,0.0,9.810527203015464e-26,0.0003798909491624,0.0007541990395648,0,none
MFG-00048,Willis and Sons,manufacturer,South,Textiles,Enterprise,active,16,11,27,0.0065231089712084,0.1791853794795307,0.0235766775288807,0.0016383889717172,0.0014129658626807,1,none
DST-00056,Morrison-Short,distributor,Central,Textiles,Enterprise,active,3,6,9,0.0003761571346359,0.1670317768273486,0.013535628679524,0.0007768393956244,0.000703685679302,2,none
DST-00190,Boyle-Smith,distributor,East,Pharmaceuticals,Medium,active,7,7,14,0.0020610513752813,0.1962096067541945,0.0311793758288984,0.0016188467232868,0.0010372790585089,0,none
RET-00138,Ramirez-Stephenson,retailer,East,Electronics,Large,active,12,0,12,0.0,0.1959660995072812,0.0443813234169138,0.0021326510092089,0.0005015832832643,0,none
RET-00079,Nelson-Brown,retailer,South,Chemicals,Large,active,8,0,8,0.0,0.207358322839911,0.1088976738604775,0.0015175228826334,0.0005015832832643,1,none
RET-00056,"Brown, Hurst and Blevins",retailer,West,Pharmaceuticals,Medium,active,8,0,8,0.0,0.2155949635614985,0.0518567479963983,0.0010613307648902,0.0005015832832643,4,none
DST-00170,Russell Group,distributor,South,Electronics,Enterprise,active,2,8,10,0.0018770453066746,0.1583195419855534,0.0047335922520964,0.0006156613202415,0.0011040903570036,1,none
RET-00006,Werner-Carter,retailer,Central,Textiles,Enterprise,active,12,0,12,0.0,0.1900985156968343,0.0524627920312707,0.0018831328386326,0.0005015832832643,2,none
LOG-00054,Barton-Chapman,logistics_provider,South,Textiles,Large,active,0,1,1,0.0,0.0,9.810527203015464e-26,0.0003798909491624,0.0006491347528245,1,none
DST-00196,"Carrillo, Vaughn and Fowler",distributor,Central,Chemicals,Medium,active,6,9,15,0.0007966971607168,0.1353646861780649,0.0038215520067235,0.0008669304232349,0.0009183786064854,2,none
LOG-00097,"Alexander, Robinson and Coleman",logistics_provider,South,Pharmaceuticals,Enterprise,active,0,4,4,0.0,0.0,9.810527203015464e-26,0.0003798909491624,0.0014361006614715,1,none
DST-00107,Marshall-Peterson,distributor,East,Food_Beverage,Medium,active,2,4,6,0.0002135788322637,0.1561974992973794,0.00921656776541,0.0006974380892467,0.0006043981804465,0,none
RET-00108,"Miller, Davis and Anderson",retailer,South,Pharmaceuticals,Enterprise,active,9,0,9,0.0,0.1935772960903419,0.0368266126230711,0.0015877036190202,0.0005015832832643,1,none
DST-00128,Brooks-Hatfield,distributor,South,Electronics,Large,active,10,5,15,0.0055617923034256,0.1784504107367927,0.0201668498435235,0.0016934828195626,0.0008222681525006,1,none
LOG-00046,"Woodard, Herrera and Little",logistics_provider,North,Electronics,Enterprise,active,0,6,6,0.0,0.0,9.810527203015464e-26,0.0003798909491624,0.0019176155369771,4,none
SUP-00086,Smith PLC,supplier,West,Food_Beverage,Enterprise,active,0,5,5,0.0,0.0,9.810527203015464e-26,0.0003798909491624,0.0011126606715782,3,none
SUP-00243,Gonzales-Harrison,supplier,East,Pharmaceuticals,Enterprise,active,1,4,5,0.0002451197207891,0.0010070493454179,3.826105609176031e-24,0.0004877100278222,0.0008171478576616,0,none
WHS-00049,"Morrison, Russo and Lopez",warehouse,North,Textiles,Enterprise,active,13,1,14,0.0016990222808851,0.2080309697368349,0.0790183242642183,0.0020871623194825,0.0011345924601242,4,none
SUP-00160,Russell-Daniels,supplier,East,Automotive,Medium,active,0,2,2,0.0,0.0,9.810527203015464e-26,0.0003798909491624,0.0005701880244109,0,none
DST-00075,Gonzalez-Taylor,distributor,East,Pharmaceuticals,Small,active,3,6,9,0.0004552367157212,0.1677905895254987,0.025531622580148,0.0005884135458368,0.0006724942259619,0,none
SUP-00036,Rodriguez-Graham,supplier,Central,Food_Beverage,Enterprise,active,0,5,5,0.0,0.0,9.810527203015464e-26,0.0003798909491624,0.0012156690838757,2,none
DST-00091,"Matthews, Saunders and Anderson",distributor,West,Automotive,Enterprise,active,4,3,7,0.0001487030315888,0.1721619759368209,0.0151190106142923,0.0009162509428743,0.0006605216611904,3,none
SUP-00171,Meadows PLC,supplier,West,Food_Beverage,Enterprise,active,0,6,6,0.0,0.0,9.810527203015464e-26,0.0003798909491624,0.0013468234402594,3,none
WHS-00005,Murphy PLC,warehouse,West,Automotive,Enterprise,active,7,7,14,0.0041055142886504,0.1858180956903334,0.0195764267235914,0.0010311580812704,0.000964477947644,3,none
RET-00041,Taylor-Ayala,retailer,South,Chemicals,Small,active,5,0,5,0.0,0.1975288371255795,0.040807092798322,0.0007565408540635,0.0005015832832643,1,none
RET-00008,"Ochoa, Taylor and Brady",retailer,Central,Automotive,Small,active,16,0,16,0.0,0.210606519083505,0.1024573125004835,0.0024545441139724,0.0005015832832643,2,none
LOG-00098,"Greer, Potter and Evans",logistics_provider,South,Textiles,Small,active,0,2,2,0.0,0.0,9.810527203015464e-26,0.0003798909491624,0.0007229517715554,1,none
RET-00095,Wood LLC,retailer,North,Automotive,Enterprise,active,13,0,13,0.0,0.2096004727242181,0.0578109074117833,0.0022192306807434,0.0005015832832643,4,none
WHS-00084,Chung-Stevens,warehouse,North,Electronics,Medium,active,17,6,23,0.011459419372237,0.1857652012708372,0.0204985516002519,0.0017719442737217,0.001549125642576,4,none
SUP-00096,Harris-Walters,supplier,South,Electronics,Small,active,0,5,5,0.0,0.0,9.810527203015464e-26,0.0003798909491624,0.0007070084589488,1,none
DST-00114,Wright-Grimes,distributor,North,Electronics,Enterprise,active,3,6,9,0.0019644598085404,0.1699461333501174,0.0103988988565692,0.000774278936402,0.0009742422076156,4,none
SUP-00241,Jones and Sons,supplier,West,Chemicals,Enterprise,active,0,5,5,0.0,0.0,9.810527203015464e-26,0.0003798909491624,0.0008809666425008,3,none
WHS-00093,Lewis Ltd,warehouse,South,Textiles,Enterprise,active,19,5,24,0.0133934884351656,0.1841402799278925,0.0419733661954988,0.0024689642787961,0.0022214528652962,1,none
DST-00125,"Lee, Tran and Jones",distributor,North,Automotive,Small,active,2,7,9,0.0003292541503106,0.1634342980376787,0.0098045589372931,0.0007476581531301,0.0007934479910409,4,none
WHS-00041,White-Medina,warehouse,East,Textiles,Large,active,43,8,51,0.0223760814183948,0.2426899040775199,0.1184885280452437,0.0061319644034713,0.0011976499608039,0,none
DST-00011,Strickland-Shaw,distributor,North,Pharmaceuticals,Medium,active,6,6,12,0.0007233291594136,0.1375617942800276,0.0027060964577576,0.000821965931183,0.0007841102947672,4,none
DST-00104,Ballard Ltd,distributor,South,Electronics,Large,active,2,4,6,0.0024587625381242,0.1641743778778493,0.0459210828493683,0.0005872695495194,0.0006972657460219,1,none
RET-00039,"Anderson, Jones and Reyes",retailer,West,Pharmaceuticals,Enterprise,active,5,0,5,0.0,0.1949971709567569,0.0420799473881694,0.0012380575050071,0.0005015832832643,3,none
SUP-00207,"Alvarez, Joseph and West",supplier,North,Food_Beverage,Small,active,2,5,7,0.000197675789575,0.0020140986908358,1.1282106283467784e-23,0.0004468928051867,0.0007656458269911,4,none
MFG-00093,Webster Inc,manufacturer,Central,Food_Beverage,Medium,active,3,6,9,0.0005134582343425,0.0040281973816717,6.897781676440172e-22,0.0006058621867545,0.0013050666365753,2,none
LOG-00045,"Barnes, Johnson and Schmitt",logistics_provider,South,Automotive,Medium,active,0,3,3,0.0,0.0,9.810527203015464e-26,0.0003798909491624,0.0016315716522691,1,none
MFG-00098,"Estrada, Williams and Foster",manufacturer,South,Automotive,Small,active,12,8,20,0.0036079553627137,0.1698134665793523,0.0193387696547899,0.0013048788900423,0.0015852269496815,1,none
LOG-00017,Johnson LLC,logistics_provider,South,Chemicals,Small,active,0,4,4,0.0,0.0,9.810527203015464e-26,0.0003798909491624,0.0018341775786081,1,none
LOG-00099,Cole LLC,logistics_provider,Central,Electronics,Small,active,0,5,5,0.0,0.0,9.810527203015464e-26,0.0003798909491624,0.0019015870193916,2,none
SUP-00218,Erickson and Sons,supplier,Central,Chemicals,Enterprise,active,1,3,4,8.035566635788349e-05,0.0010070493454179,5.6901057777489694e-24,0.0004445823963583,0.0008882246447689,2,none
SUP-00005,"Guzman, Hoffman and Baldwin",supplier,North,Electronics,Medium,active,0,9,9,0.0,0.0,9.810527203015464e-26,0.0003798909491624,0.0022600873311153,4,none
LOG-00019,Smith-Gutierrez,logistics_provider,North,Textiles,Small,active,0,1,1,0.0,0.0,9.810527203015464e-26,0.0003798909491624,0.0006770937147972,4,none
DST-00193,Green LLC,distributor,North,Automotive,Medium,active,3,3,6,0.0016013755663856,0.1764242098038526,0.0194221600417884,0.0006496657307085,0.0006882815511183,4,none
RET-00080,"Proctor, Burton and Crawford",retailer,South,Automotive,Medium,active,12,0,12,0.0,0.1924103786499644,0.0807863141740692,0.0019264352599805,0.0005015832832643,1,none
DST-00163,"Scott, Mendoza and Harris",distributor,East,Chemicals,Large,active,0,5,5,0.0,0.0,9.810527203015464e-26,0.0003798909491624,0.0006913205619066,0,none
WHS-00089,Walsh Ltd,warehouse,North,Electronics,Large,active,18,1,19,3.660496104580502e-05,0.2045062546295465,0.0479605260434114,0.0019484265403566,0.0005170695867545,4,none
DST-00097,"Ferguson, Shaw and Jackson",distributor,North,Pharmaceuticals,Large,active,12,4,16,0.0050009649829911,0.1727350852473401,0.0258577699945771,0.0020288540383721,0.0007763029914831,4,none
WHS-00076,Williamson Ltd,warehouse,South,Electronics,Medium,active,17,4,21,0.0061101267832673,0.1931892102026202,0.0463379779330075,0.0022555653986112,0.0009202359383325,1,none
WHS-00034,"Flores, Harper and Chambers",warehouse,South,Electronics,Enterprise,active,2,2,4,5.26599664110628e-06,0.0020140986908358,1.1282106283467784e-23,0.0004370210583744,0.0005807379746193,1,none
SUP-00099,Williams-Cook,supplier,Central,Electronics,Enterprise,active,0,5,5,0.0,0.0,9.810527203015464e-26,0.0003798909491624,0.0010922276429625,2,none
LOG-00055,"Hernandez, Cuevas and Webb",logistics_provider,South,Chemicals,Large,active,0,4,4,0.0,0.0,9.810527203015464e-26,0.0003798909491624,0.0013879614628375,1,none
WHS-00078,"Arnold, Smith and Moreno",warehouse,West,Automotive,Enterprise,active,3,3,6,0.0024753674376031,0.1597535255971728,0.0162497405788554,0.0010266702890772,0.001428108446834,3,none
DST-00124,Williams-Williams,distributor,West,Automotive,Large,active,12,7,19,0.0009229680066284,0.1999366274707264,0.0687429216358602,0.0036041987596372,0.0007284609857062,3,none
MFG-00107,Berry-Mckinney,manufacturer,South,Automotive,Medium,active,6,9,15,0.0005025830134209,0.0061681772406847,1.4549011842071946e-22,0.0007023329809046,0.0013405177921905,1,dependent_manufacturer
DST-00053,Morgan-Lopez,distributor,East,Food_Beverage,Enterprise,active,0,3,3,0.0,0.0,9.810527203015464e-26,0.0003798909491624,0.0006997495284551,0,none
SUP-00048,"Martin, Rose and Obrien",supplier,Central,Pharmaceuticals,Small,active,0,4,4,0.0,0.0,9.810527203015464e-26,0.0003798909491624,0.0012386472810226,2,none
SUP-00033,"Ferrell, Rice and Maddox",supplier,West,Chemicals,Enterprise,active,0,6,6,0.0,0.0,9.810527203015464e-26,0.0003798909491624,0.0013608537222607,3,none
LOG-00030,"Mccann, Taylor and Flores",logistics_provider,North,Chemicals,Medium,active,0,2,2,0.0,0.0,9.810527203015464e-26,0.0003798909491624,0.0006353369905515,3,none
LOG-00090,Miller Inc,logistics_provider,North,Automotive,Enterprise,active,0,3,3,0.0,0.0,9.810527203015464e-26,0.0003798909491624,0.0031353255228451,4,none
SUP-00201,"Barnett, Rogers and Snyder",supplier,North,Chemicals,Enterprise,active,0,6,6,0.0,0.0,9.810527203015464e-26,0.0003798909491624,0.001892838324801,4,none
SUP-00135,Mitchell-Jordan,supplier,East,Pharmaceuticals,Small,active,0,4,4,0.0,0.0,9.810527203015464e-26,0.0003798909491624,0.0006984842888252,0,none
SUP-00028,"Hoffman, Baker and Richards",supplier,East,Electronics,Medium,active,0,6,6,0.0,0.0,9.810527203015464e-26,0.0003798909491624,0.0010410953107273,0,none
RET-00031,Watson Ltd,retailer,West,Chemicals,Medium,active,9,0,9,0.0,0.2114930277826761,0.0600529801750763,0.0022983960098657,0.0005015832832643,3,none
SUP-00231,"Branch, Torres and Oliver",supplier,East,Pharmaceuticals,Small,active,0,3,3,0.0,0.0,9.810527203015464e-26,0.0003798909491624,0.000658486264235,0,none
DST-00040,Cooper Ltd,distributor,North,Textiles,Small,active,0,9,9,0.0,0.0,9.810527203015464e-26,0.0003798909491624,0.0009409222319889,4,none
LOG-00023,Thomas-Jackson,logistics_provider,North,Chemicals,Medium,active,0,2,2,0.0,0.0,9.810527203015464e-26,0.0003798909491624,0.0006398007277053,4,none
MFG-00079,Moore Group,manufacturer,Central,Automotive,Small,active,5,7,12,0.0019194977539339,0.1738394118445527,0.01663388695101,0.0008100208789758,0.0008981578812968,2,none
SUP-00289,"Miller, Murphy and Craig",supplier,West,Electronics,Small,active,0,3,3,0.0,0.0,9.810527203015464e-26,0.0003798909491624,0.0010783234094372,3,none
MFG-00119,Morrison Ltd,manufacturer,Central,Electronics,Large,active,4,5,9,0.0002923522302607,0.0040281973816717,2.805810780062423e-23,0.0006166091186559,0.0010492174220881,2,none
WHS-00025,Hill Ltd,warehouse,West,Textiles,Enterprise,active,25,7,32,0.0118800888226907,0.2102426391960216,0.0409413347481269,0.0027820904236969,0.0013047697023294,3,none
MFG-00092,Ware and Sons,manufacturer,West,Food_Beverage,Large,active,13,8,21,0.0075483023076339,0.1806736301396597,0.0312571115271782,0.0030061850320535,0.0012977222337459,3,none
DST-00143,"Allen, Armstrong and Graves",distributor,North,Chemicals,Enterprise,active,3,11,14,0.0026211151479827,0.1798768335348542,0.0230165801747537,0.0006167490224096,0.0010632404275803,4,none
DST-00049,"Kennedy, Johnson and Lucas",distributor,East,Pharmaceuticals,Enterprise,active,3,6,9,0.0003793540802524,0.160539520803063,0.0104013091421206,0.0008882709696936,0.0006562696038505,0,none
SUP-00139,"Harvey, Davis and Crane",supplier,South,Electronics,Medium,active,0,8,8,0.0,0.0,9.810527203015464e-26,0.0003798909491624,0.0013110442055159,1,none
SUP-00063,Wright and Sons,supplier,West,Textiles,Enterprise,active,0,8,8,0.0,0.0,9.810527203015464e-26,0.0003798909491624,0.0010390978523462,3,none
DST-00022,Combs Ltd,distributor,South,Automotive,Large,active,6,6,12,0.0026684933891814,0.1787436735317587,0.0217704356923438,0.0009720242413083,0.0009423483123253,1,none
DST-00198,Mendoza Group,distributor,South,Chemicals,Large,active,8,2,10,0.0010259961212882,0.1896521801989105,0.0558690773910209,0.0028134443793093,0.000603306750658,1,none
SUP-00129,"Mccall, Hanson and Alvarado",supplier,East,Pharmaceuticals,Medium,active,0,3,3,0.0,0.0,9.810527203015464e-26,0.0003798909491624,0.0011725205023845,0,none
RET-00127,Anderson Group,retailer,Central,Chemicals,Medium,active,13,0,13,0.0,0.2229773376141511,0.0934981392728342,0.0014426926901836,0.0005015832832643,2,none
DST-00071,Johnson and Sons,distributor,East,Electronics,Medium,active,8,5,13,0.0022700776407879,0.1877965905221442,0.0231146320832486,0.0019323253514208,0.0008289710009635,0,none
LOG-00089,Mckinney-Wallace,logistics_provider,Central,Pharmaceuticals,Medium,active,0,5,5,0.0,0.0,9.810527203015464e-26,0.0003798909491624,0.0013046100755436,2,none
RET-00113,Chavez-Hall,retailer,Central,Electronics,Medium,active,16,0,16,0.0,0.2161674852864773,0.0733667388379633,0.0026858236860919,0.0005015832832643,2,none
SUP-00065,Baxter Inc,supplier,North,Automotive,Small,active,0,4,4,0.0,0.0,9.810527203015464e-26,0.0003798909491624,0.0008369348728651,4,none
LOG-00063,"Marsh, Spears and Yang",logistics_provider,Central,Automotive,Enterprise,active,0,4,4,0.0,0.0,9.810527203015464e-26,0.0003798909491624,0.002663097693578,2,none
SUP-00015,Williams and Sons,supplier,Central,Electronics,Enterprise,active,0,2,2,0.0,0.0,9.810527203015464e-26,0.0003798909491624,0.0015186435343236,2,none
SUP-00157,"Mitchell, Nelson and Flores",supplier,West,Chemicals,Enterprise,active,0,6,6,0.0,0.0,9.810527203015464e-26,0.0003798909491624,0.0008539900249025,3,none
SUP-00041,Ryan PLC,supplier,Central,Electronics,Enterprise,active,0,10,10,0.0,0.0,9.810527203015464e-26,0.0003798909491624,0.0014853368393038,2,critical_supplier
DST-00043,Li-Thompson,distributor,South,Electronics,Medium,active,10,11,21,0.0090313787247142,0.2022290523905953,0.0577169776857992,0.001495995484227,0.0013049800587473,1,none
MFG-00080,Boone LLC,manufacturer,West,Electronics,Large,active,6,3,9,0.0001764935533723,0.0060422960725075,5.229010999207242e-23,0.0008016324074574,0.0007483497792323,3,none
SUP-00188,Vargas Ltd,supplier,South,Electronics,Enterprise,active,3,7,10,0.0006284557980008,0.0030211480362537,2.0602107126332477e-23,0.0009626273981093,0.0009554626092774,1,none
LOG-00014,Ward-Nelson,logistics_provider,South,Food_Beverage,Large,active,0,3,3,0.0,0.0,9.810527203015464e-26,0.0003798909491624,0.0014853990560572,1,none
SUP-00217,Perez-White,supplier,Central,Electronics,Large,active,1,5,6,0.0001263820844591,0.0010070493454179,9.418106114894844e-24,0.0005269169655167,0.0014189791707447,2,none
LOG-00042,"Moore, Henderson and Bennett",logistics_provider,East,Food_Beverage,Enterprise,active,0,6,6,0.0,0.0,9.810527203015464e-26,0.0003798909491624,0.00100072230755,0,none
SUP-00053,Chapman and Sons,supplier,North,Electronics,Large,active,0,4,4,0.0,0.0,9.810527203015464e-26,0.0003798909491624,0.0009492658908833,4,none
RET-00029,Baxter LLC,retailer,South,Textiles,Medium,active,13,0,13,0.0,0.2130733850403114,0.1405487154718147,0.0028516693326454,0.0005015832832643,1,none
MFG-00038,Bass PLC,manufacturer,North,Automotive,Enterprise,active,15,8,23,0.0062852528166831,0.1882842331403494,0.0392730113495401,0.002684485133735,0.0018737900590515,4,none
WHS-00099,Hickman-Evans,warehouse,South,Textiles,Enterprise,active,3,2,5,3.557119746453145e-05,0.0032225579053373,2.7037812971510625e-22,0.0006115830699622,0.0006774460421815,1,none
WHS-00070,"Bernard, Warren and Combs",warehouse,East,Electronics,Large,active,18,7,25,0.0155390325230165,0.2091644718155292,0.0427222044985045,0.0024283145480641,0.0012949013010098,0,none
WHS-00075,Wagner LLC,warehouse,South,Electronics,Medium,active,2,8,10,0.0032249540649908,0.1553053669834486,0.0137935087769525,0.0004748789138851,0.0010860646038917,1,none
SUP-00296,Williams Inc,supplier,West,Electronics,Enterprise,active,0,4,4,0.0,0.0,9.810527203015464e-26,0.0003798909491624,0.001131035919341,3,none
WHS-00052,Giles Ltd,warehouse,North,Textiles,Small,active,1,5,6,0.0003525626875692,0.1457982913459452,0.002546865524541,0.000397236664793,0.0013436067545288,4,none
SUP-00252,"Graham, Olsen and Costa",supplier,East,Chemicals,Large,active,0,6,6,0.0,0.0,9.810527203015464e-26,0.0003798909491624,0.0011287065366923,0,none
WHS-00077,"Durham, Hopkins and Smith",warehouse,South,Electronics,Small,active,8,5,13,0.0008763223869888,0.1783528702007245,0.0336155010499756,0.0013151933640821,0.000807791355341,1,none
DST-00012,Burch-Montoya,distributor,Central,Electronics,Small,active,2,6,8,0.0001198613076475,0.0055947185856551,1.049530200178594e-21,0.0004775375867827,0.0007710996172122,2,none
DST-00006,Diaz-Ball,distributor,North,Chemicals,Medium,active,1,5,6,0.0004924015427489,0.1389678773561437,0.003760588725992,0.0007366097465846,0.0006404871503714,4,none
RET-00147,Durham-Shaw,retailer,East,Automotive,Small,active,9,0,9,0.0,0.2112416882660379,0.0610782361956008,0.0017393623569972,0.0005015832832643,0,none
LOG-00066,Lopez Ltd,logistics_provider,South,Pharmaceuticals,Large,active,0,3,3,0.0,0.0,9.810527203015464e-26,0.0003798909491624,0.0011312454649203,1,none
RET-00013,Burton-Brooks,retailer,East,Automotive,Enterprise,active,11,0,11,0.0,0.2148181720124725,0.0946812402810972,0.0022110200923684,0.0005015832832643,0,none
SUP-00270,Baird-Sanchez,supplier,East,Textiles,Small,active,0,6,6,0.0,0.0,9.810527203015464e-26,0.0003798909491624,0.0010128866325902,0,none
SUP-00202,White-Lewis,supplier,South,Food_Beverage,Medium,active,0,7,7,0.0,0.0,9.810527203015464e-26,0.0003798909491624,0.0011377852743282,1,none
SUP-00162,Stein-Silva,supplier,West,Food_Beverage,Enterprise,active,3,7,10,0.0015034678231491,0.0030211480362537,2.992210796919717e-23,0.001206503885554,0.0013283474990216,3,none
DST-00106,Moore Group,distributor,South,Pharmaceuticals,Small,active,4,1,5,1.9035887555037725e-05,0.1683519064745031,0.0178902721204072,0.0011398966753281,0.000529974839663,1,none
WHS-00080,"Li, Craig and Drake",warehouse,North,Textiles,Medium,active,15,7,22,0.0056012737394282,0.2212930322361651,0.0795363294052707,0.0018035737495138,0.0008571065958834,4,none
MFG-00102,Thompson-James,manufacturer,North,Chemicals,Medium,active,3,3,6,9.7849733459561e-05,0.0030211480362537,1.6874106789186596e-23,0.0005916784251013,0.0006001780121141,4,none
WHS-00053,Burgess Group,warehouse,South,Electronics,Enterprise,active,28,2,30,0.0016548267607499,0.2022290523905953,0.0886374999286119,0.0032674785099369,0.0006376854761995,1,none
DST-00027,Scott and Sons,distributor,Central,Textiles,Large,active,10,7,17,0.00162051118562,0.1816796080357603,0.050597327701865,0.0021498716425671,0.0007758875304588,2,none
LOG-00072,Diaz and Sons,logistics_provider,West,Automotive,Small,active,0,2,2,0.0,0.0,9.810527203015464e-26,0.0003798909491624,0.0008931750775444,3,none
LOG-00022,"James, Taylor and Turner",logistics_provider,South,Automotive,Enterprise,active,0,4,4,0.0,0.0,9.810527203015464e-26,0.0003798909491624,0.0008107281847227,1,none
SUP-00106,Nolan and Sons,supplier,North,Textiles,Medium,active,0,5,5,0.0,0.0,9.810527203015464e-26,0.0003798909491624,0.0009291158808374,4,none
DST-00116,"Edwards, Hines and Jimenez",distributor,Central,Textiles,Medium,active,7,32,39,0.0120736918334731,0.1772869198762431,0.0300082826807491,0.0013619763850929,0.0022631654986707,2,hub
MFG-00090,Moore-Collins,manufacturer,West,Electronics,Small,active,11,5,16,0.0011698102699605,0.182645718461923,0.0350509123432069,0.0010833378232471,0.000809861878547,3,none
SUP-00002,Doyle Ltd,supplier,South,Pharmaceuticals,Medium,active,0,7,7,0.0,0.0,9.810527203015464e-26,0.0003798909491624,0.0012615266384414,1,none
RET-00088,"Rios, Walker and Wright",retailer,Central,Chemicals,Enterprise,active,8,0,8,0.0,0.1707242976408975,0.0193426080111888,0.0011470370776787,0.0005015832832643,2,none
RET-00133,Williams Group,retailer,Central,Textiles,Enterprise,active,8,0,8,0.0,0.1741324217620227,0.027352333966697,0.0011597476553263,0.0005015832832643,2,none
DST-00112,Wright-Davis,distributor,East,Electronics,Small,active,11,37,48,0.0556973389879019,0.2186241715458798,0.0524656465073632,0.0038839189059717,0.0026870218672881,4,bridge
SUP-00081,"Sanchez, Wheeler and Harvey",supplier,South,Food_Beverage,Medium,active,0,4,4,0.0,0.0,9.810527203015464e-26,0.0003798909491624,0.0008380062950865,1,none
SUP-00206,Freeman-Chang,supplier,East,Food_Beverage,Large,active,0,4,4,0.0,0.0,9.810527203015464e-26,0.0003798909491624,0.0008897957919096,0,none
SUP-00035,"Dyer, Potter and Mack",supplier,South,Chemicals,Large,active,0,6,6,0.0,0.0,9.810527203015464e-26,0.0003798909491624,0.0022157125145256,1,none
LOG-00026,"Weber, Wheeler and Gonzalez",logistics_provider,West,Pharmaceuticals,Enterprise,active,0,1,1,0.0,0.0,9.810527203015464e-26,0.0003798909491624,0.0009250345259297,3,none
DST-00059,Jackson-Wallace,distributor,East,Textiles,Enterprise,active,4,6,10,0.0010200491317941,0.1693727360665588,0.0052261086549086,0.0006373184899003,0.0008996092817067,0,none
MFG-00128,Jones-Lin,manufacturer,West,Textiles,Enterprise,active,11,7,18,0.0011474641443428,0.0116106865707007,9.02274186861332e-22,0.0011935830311082,0.001062134203297,3,none
DST-00005,"Lamb, Martin and Kim",distributor,North,Pharmaceuticals,Small,active,10,8,18,0.0028306097220289,0.1875267678346124,0.0395257893527642,0.0018919044986706,0.0008239151207949,4,none
MFG-00067,"Le, Lewis and Hayes",manufacturer,Central,Automotive,Medium,active,4,6,10,0.0002149618026187,0.0045317220543806,7.046901689926008e-22,0.0006851456880058,0.0010628097090902,2,none
SUP-00092,"Smith, Montoya and Evans",supplier,South,Electronics,Small,active,0,3,3,0.0,0.0,9.810527203015464e-26,0.0003798909491624,0.0007450306540458,1,none
MFG-00040,"Wood, Ramos and Sampson",manufacturer,Central,Electronics,Small,active,11,6,17,0.0005265384581354,0.01115500813386,3.337541354465861e-22,0.0010978260000592,0.0019273677348279,2,none
RET-00048,Goodwin PLC,retailer,North,Pharmaceuticals,Enterprise,active,5,0,5,0.0,0.1859094937652513,0.0197730279122512,0.0007341574431448,0.0005015832832643,4,none
DST-00115,Li PLC,distributor,Central,Textiles,Small,active,13,36,49,0.0229572914125309,0.1939932081047714,0.0650985158444444,0.0032075547972809,0.0024074741555068,2,bridge
MFG-00046,Zhang PLC,manufacturer,North,Automotive,Large,active,19,5,24,0.001186518648067,0.1649211908173998,0.0116013180091668,0.002215265598828,0.0009724907338971,4,none
LOG-00027,Taylor Inc,logistics_provider,West,Textiles,Small,active,0,6,6,0.0,0.0,9.810527203015464e-26,0.0003798909491624,0.0026767143976006,3,none
SUP-00242,Larson-Holloway,supplier,West,Electronics,Small,active,1,5,6,0.0001524273146267,0.0010070493454179,3.826105609176031e-24,0.0004230185806264,0.0010297021264296,3,none
SUP-00014,"Mcclure, Ward and Lee",supplier,North,Chemicals,Enterprise,active,0,8,8,0.0,0.0,9.810527203015464e-26,0.0003798909491624,0.0017957426595151,4,none
MFG-00016,"Lucas, Parker and Alexander",manufacturer,Central,Chemicals,Large,active,8,8,16,0.000750248141234,0.0081570996978851,2.1818612499506405e-22,0.0008011431575774,0.001171233493086,2,none
DST-00151,Stevens PLC,distributor,East,Textiles,Enterprise,active,0,7,7,0.0,0.0,9.810527203015464e-26,0.0003798909491624,0.0007272630468073,0,none
MFG-00088,Davis PLC,manufacturer,West,Electronics,Medium,active,4,6,10,0.0009902908161708,0.0045317220543806,4.344101445495249e-22,0.0006504314716955,0.0009104746056361,3,none
SUP-00274,Hoover-Campbell,supplier,South,Pharmaceuticals,Medium,active,0,6,6,0.0,0.0,9.810527203015464e-26,0.0003798909491624,0.0016259614948184,1,none
SUP-00167,"Hurst, Freeman and Nelson",supplier,South,Pharmaceuticals,Medium,active,1,8,9,0.0001849158451228,0.0010070493454179,5.6901057777489694e-24,0.0005011874126547,0.0009388317386016,1,none
LOG-00091,Carter LLC,logistics_provider,East,Pharmaceuticals,Medium,active,0,4,4,0.0,0.0,9.810527203015464e-26,0.0003798909491624,0.0009695182994316,0,none
RET-00143,Gonzalez-Wilkerson,retailer,Central,Automotive,Small,active,8,0,8,0.0,0.1910118273167648,0.0498259619412909,0.001321564971412,0.0005015832832643,2,none
DST-00197,Richardson-Walker,distributor,Central,Textiles,Medium,active,6,5,11,0.0016437616002935,0.1781581086717038,0.0309696201094358,0.0015775399735967,0.000741410009596,2,none
LOG-00069,Smith-Lewis,logistics_provider,Central,Textiles,Medium,active,0,2,2,0.0,0.0,9.810527203015464e-26,0.0003798909491624,0.0014694679402753,1,none
DST-00035,"Butler, Beck and Miller",distributor,North,Food_Beverage,Small,active,3,6,9,0.0009670875126411,0.1626197737514206,0.0105944821524121,0.0006904062732817,0.0010433130309202,4,none
RET-00131,Orr Group,retailer,East,Electronics,Enterprise,active,9,0,9,0.0,0.2025447434076833,0.0446165460808859,0.0016219290122254,0.0005015832832643,0,none
DST-00055,Acosta Inc,distributor,East,Electronics,Small,active,2,6,8,0.0002138390114479,0.1553793219201074,0.0055487842518343,0.0006012884520235,0.0007703090914451,0,none
LOG-00082,Lopez-Reid,logistics_provider,East,Food_Beverage,Enterprise,active,0,3,3,0.0,0.0,9.810527203015464e-26,0.0003798909491624,0.0007994011300281,0,none
SUP-00244,Lyons-Bender,supplier,South,Automotive,Large,active,0,5,5,0.0,0.0,9.810527203015464e-26,0.0003798909491624,0.0013775929247217,1,none
DST-00117,"Owens, Koch and Jimenez",distributor,South,Automotive,Enterprise,active,9,9,18,0.0012102498121581,0.1820343520402932,0.0648013067470752,0.0024294290303236,0.0008567899756894,1,none
RET-00026,Alexander Inc,retailer,South,Automotive,Small,active,4,0,4,0.0,0.1341155204099876,0.0014048080918188,0.0007949080062455,0.0005015832832643,1,none
DST-00113,Dougherty-Lin,distributor,South,Food_Beverage,Enterprise,active,2,2,4,1.8125166517745217e-05,0.1314477614144905,0.0034710156581191,0.0005823093148918,0.000603387292637,1,none
WHS-00037,"Fry, Hobbs and Buck",warehouse,Central,Electronics,Small,active,13,3,16,0.0011265660094401,0.1874363758656983,0.0364262559598643,0.0020293805323426,0.0006678969419072,2,none
SUP-00190,"Burke, Martinez and Riggs",supplier,West,Electronics,Medium,active,0,5,5,0.0,0.0,9.810527203015464e-26,0.0003798909491624,0.0010004374264326,3,none
LOG-00033,Faulkner-Casey,logistics_provider,Central,Electronics,Small,active,0,2,2,0.0,0.0,9.810527203015464e-26,0.0003798909491624,0.0008043169809177,2,none
WHS-00050,"Ramsey, Hansen and Mendoza",warehouse,South,Textiles,Enterprise,active,7,6,13,0.0029086324179076,0.1539134792604837,0.0044316831691318,0.0008117701314975,0.0015438193429379,1,none
DST-00026,Gilbert-Bullock,distributor,Central,Chemicals,Medium,active,5,3,8,0.0004826122345707,0.187901190010554,0.0272163068641381,0.0014028167441261,0.0006186961444017,2,none
WHS-00032,"Robinson, Shields and Brown",warehouse,North,Food_Beverage,Enterprise,active,6,5,11,0.0026744036768451,0.1777698589115911,0.0635802083372817,0.0010429190438744,0.0009120212633208,4,none
DST-00061,Mendez-Graham,distributor,West,Electronics,Large,active,6,4,10,0.0047286973722554,0.1829529442288901,0.0178296676184596,0.0018749419987374,0.0006890997363861,3,none
SUP-00059,Lee-Davis,supplier,Central,Pharmaceuticals,Large,active,0,8,8,0.0,0.0,9.810527203015464e-26,0.0003798909491624,0.0015774920445375,2,none
DST-00025,Blake Group,distributor,South,Pharmaceuticals,Enterprise,active,2,4,6,5.931621956497699e-05,0.1500904213579694,0.0081240477973435,0.0005824293371801,0.0006111913089297,1,none
DST-00111,"Rodriguez, Allen and Martinez",distributor,North,Automotive,Medium,active,6,6,12,0.0009249657850048,0.1580128697492618,0.0065320969349712,0.0011500988134986,0.0007379411124272,4,none
RET-00007,"Adams, Hodge and Duke",retailer,North,Electronics,Large,active,16,0,16,0.0,0.218936484797512,0.1029214107622127,0.003418305832125,0.0005015832832643,4,none
WHS-00098,Goodwin Ltd,warehouse,East,Textiles,Medium,active,10,1,11,0.007817921397172,0.1895970807857208,0.0366149632673946,0.0020790085702329,0.000735932185341,0,none
SUP-00253,Bailey-Cook,supplier,North,Pharmaceuticals,Large,active,0,3,3,0.0,0.0,9.810527203015464e-26,0.0003798909491624,0.0009052998224592,4,none
SUP-00022,"Watts, Robinson and Nguyen",supplier,South,Automotive,Large,active,0,4,4,0.0,0.0,9.810527203015464e-26,0.0003798909491624,0.0007438147242358,1,none
MFG-00014,Byrd-Le,manufacturer,North,Chemicals,Medium,active,6,6,12,0.0002324426145508,0.0060422960725075,5.41541101606454e-23,0.0008439158508749,0.0010391379563909,4,none
DST-00010,"Valentine, Joyce and Murray",distributor,Central,Textiles,Small,active,6,8,14,0.0009258369760191,0.1612535587013716,0.0082932915874087,0.0012378176665248,0.000816736944428,2,none
SUP-00161,Brown-Wall,supplier,West,Textiles,Large,active,0,10,10,0.0,0.0,9.810527203015464e-26,0.0003798909491624,0.0014444441514104,3,none
SUP-00277,Cook-Hines,supplier,Central,Food_Beverage,Large,active,1,6,7,9.546800334582958e-05,0.0010070493454179,7.554105946321909e-24,0.0004661462120903,0.000869748423074,2,none
RET-00106,Morse PLC,retailer,East,Textiles,Enterprise,active,14,0,14,0.0,0.2236834512803815,0.094276620054583,0.0025173300388414,0.0005015832832643,0,none
SUP-00192,"Wood, Hunter and Peterson",supplier,Central,Food_Beverage,Enterprise,active,0,5,5,0.0,0.0,9.810527203015464e-26,0.0003798909491624,0.0011552475423129,2,none
MFG-00086,Kane PLC,manufacturer,Central,Pharmaceuticals,Small,active,6,6,12,0.0004039878356799,0.007193209610128,7.289221711840488e-22,0.0007998241765018,0.0011557854609224,2,none
LOG-00056,Perry-Nixon,logistics_provider,Central,Textiles,Large,active,0,3,3,0.0,0.0,9.810527203015464e-26,0.0003798909491624,0.0007234248029035,2,none
MFG-00114,Cook and Sons,manufacturer,North,Pharmaceuticals,Enterprise,active,11,6,17,0.000982552210913,0.0116106865707007,6.599541649468499e-22,0.0011953256879046,0.0007759462435926,4,none
DST-00042,Anderson-Bell,distributor,East,Automotive,Medium,active,10,39,49,0.0408229176778551,0.2043824466221268,0.0433802490447092,0.0020524933750546,0.0026907380969685,0,bridge
MFG-00044,Davis-Lewis,manufacturer,West,Pharmaceuticals,Large,active,6,1,7,9.353169169265873e-05,0.0060422960725075,4.2970109149207713e-23,0.0006854735706036,0.0005625555158473,3,none
LOG-00020,Hardy PLC,logistics_provider,North,Textiles,Medium,active,0,4,4,0.0,0.0,9.810527203015464e-26,0.0003798909491624,0.003617126007038,4,none
MFG-00009,"Phillips, Spence and Barrett",manufacturer,East,Food_Beverage,Enterprise,active,8,8,16,0.0037005591926255,0.1694167061434192,0.0087711268449887,0.0012432397764838,0.0020871725223553,0,none
WHS-00012,"Robinson, Jones and Henderson",warehouse,East,Textiles,Small,active,20,5,25,0.0023906554027545,0.204254507688404,0.0442672615131507,0.0029749927872445,0.000759873573981,0,none
SUP-00131,"Parker, Ortiz and Powell",supplier,Central,Chemicals,Medium,active,0,3,3,0.0,0.0,9.810527203015464e-26,0.0003798909491624,0.000712013847312,2,none
WHS-00014,Andersen Group,warehouse,North,Automotive,Enterprise,active,39,36,75,0.0604528671667147,0.1988400828959327,0.1137917765496224,0.0050828673874711,0.0050750619915699,4,bridge
RET-00022,Kelley-Anderson,retailer,Central,Electronics,Small,active,9,0,9,0.0,0.1972905634981663,0.0492856160966308,0.001505191523941,0.0005015832832643,2,none
SUP-00100,Walsh LLC,supplier,Central,Textiles,Large,active,0,7,7,0.0,0.0,9.810527203015464e-26,0.0003798909491624,0.0012170384350333,2,none
MFG-00073,Reynolds Ltd,manufacturer,South,Textiles,Large,active,10,8,18,0.0026071127034818,0.174303726512941,0.0124754152132575,0.0010042907019416,0.0010597500116934,1,none
SUP-00088,Anderson-Bailey,supplier,South,Food_Beverage,Small,active,0,10,10,0.0,0.0,9.810527203015464e-26,0.0003798909491624,0.0018978801215854,1,none
DST-00009,Mckee-Lee,distributor,East,Chemicals,Large,active,3,5,8,0.0003186014417837,0.1648795230076935,0.0102765930681358,0.0012040131990578,0.0006568282140571,0,none
MFG-00031,Reid Group,manufacturer,West,Electronics,Medium,active,5,8,13,0.0003648412512699,0.0051791109192921,1.9768212314076169e-22,0.0005970297210746,0.001079199344033,3,none
SUP-00215,"Washington, Hardy and Bray",supplier,East,Pharmaceuticals,Small,active,0,9,9,0.0,0.0,9.810527203015464e-26,0.0003798909491624,0.0012089797324929,0,none
DST-00017,Davis-Lozano,distributor,West,Electronics,Large,active,3,2,5,0.0002995584168099,0.1669890358404429,0.0199552814736162,0.001177048197883,0.0006586900371015,3,none
SUP-00122,Johnson-Carlson,supplier,Central,Chemicals,Enterprise,active,2,5,7,0.0001929519451929,0.0020140986908358,1.5010106620613657e-23,0.0005346883406668,0.0010882090198081,2,none
DST-00165,Gilbert PLC,distributor,South,Food_Beverage,Enterprise,active,6,8,14,0.0001599083816326,0.1409643414263993,0.0053257044504076,0.0014345623018618,0.0008258357311593,1,none
SUP-00021,Gray-Mayo,supplier,West,Chemicals,Large,active,0,2,2,0.0,0.0,9.810527203015464e-26,0.0003798909491624,0.000627394569199,3,none
WHS-00051,Turner-Stout,warehouse,South,Chemicals,Medium,active,15,14,29,0.008786369596232,0.1775763679086942,0.0403861474298238,0.0021135940815898,0.0020715881282302,1,none
SUP-00072,House-Glover,supplier,South,Textiles,Medium,active,0,10,10,0.0,0.0,9.810527203015464e-26,0.0003798909491624,0.0016862097378955,1,none
SUP-00107,"Wright, Garcia and Deleon",supplier,Central,Automotive,Medium,active,0,10,10,0.0,0.0,9.810527203015464e-26,0.0003798909491624,0.0018007740391308,2,none
SUP-00271,"Thomas, Lee and Greene",supplier,Central,Chemicals,Small,active,0,5,5,0.0,0.0,9.810527203015464e-26,0.0003798909491624,0.000965180154398,2,none
RET-00011,"Morris, Wright and Bridges",retailer,Central,Pharmaceuticals,Medium,active,17,0,17,0.0,0.1973816717019134,0.0840512495988185,0.0029171027717947,0.0005015832832643,2,none
MFG-00136,Cox LLC,manufacturer,West,Electronics,Small,active,13,6,19,0.0012751288233899,0.157327182272047,0.0038777602648789,0.0013851853033014,0.0011927461839778,3,none
SUP-00103,"Mckee, Gardner and Davenport",supplier,South,Chemicals,Large,active,0,8,8,0.0,0.0,9.810527203015464e-26,0.0003798909491624,0.001571618616619,1,none
