node,in_degree,out_degree,total_degree,in_degree_centrality,out_degree_centrality,betweenness,closeness,eigenvector,pagerank,pagerank_reversed,total_degree_rank,betweenness_rank,closeness_rank,eigenvector_rank,pagerank_rank,pagerank_reversed_rank,bridge_without_hub
WHS-00014,39,36,75,0.03927492447129909,0.03625377643504532,0.060452867166714754,0.1988400828959327,0.11379177654962246,0.005082867387471159,0.0050750619915699985,1,1,118,10,2,4,0
MFG-00131,16,54,70,0.016112789526686808,0.054380664652567974,0.028829154318390574,0.15732718227204703,0.00969440066219733,0.0018499714450862191,0.00624543081516653,2,7,394,397,150,2,-5
WHS-00063,29,36,65,0.02920443101711984,0.03625377643504532,0.05129853611950937,0.22009887084804422,0.0632914656363497,0.0028368585694677003,0.0048427159317415225,3,3,20,72,41,5,0
MFG-00028,9,50,59,0.00906344410876133,0.050352467270896276,0.02336474335428635,0.17747978027317135,0.012919657031990625,0.0012378976124217628,0.006916545006140229,4,10,275,364,289,1,-6
MFG-00141,6,51,57,0.006042296072507553,0.0513595166163142,0.010589403051392169,0.1515895823610804,0.005387507034675762,0.0010667144161737893,0.005318570518036197,5,24,421,439,349,3,-19
WHS-00044,20,36,56,0.02014098690835851,0.03625377643504532,0.03557221171055108,0.19318921020262023,0.05614422932020708,0.0026770743015018875,0.0037563988483045037,6,5,152,104,54,6,1
DST-00149,15,38,53,0.015105740181268881,0.038267875125881166,0.02824595971460933,0.20036633468358953,0.12843036140786024,0.0035848130627227936,0.00276095730939672,7,8,106,4,15,14,-1
DST-00084,15,37,52,0.015105740181268881,0.03726082578046324,0.01860003625373437,0.1865617930430106,0.047584648614145415,0.0032083125363157076,0.0027634113147167747,8,15,209,136,23,13,-7
WHS-00041,43,8,51,0.0433031218529708,0.008056394763343404,0.02237608141839483,0.24268990407751995,0.1184885280452437,0.006131964403471387,0.0011976499608039321,9,13,1,8,1,234,-4
DST-00162,13,37,50,0.013091641490433032,0.03726082578046324,0.029232294605100847,0.19171361694020303,0.05247765028313943,0.0024471660609778297,0.003190782590090518,10,6,167,111,68,9,4
DST-00115,13,36,49,0.013091641490433032,0.03625377643504532,0.022957291412530962,0.19399320810477144,0.06509851584444448,0.0032075547972809917,0.002407474155506845,11,11,147,67,24,23,0
DST-00042,10,39,49,0.010070493454179255,0.03927492447129909,0.04082291767785514,0.20438244662212687,0.043380249044709294,0.002052493375054681,0.002690738096968537,11,4,73,160,116,15,7
DST-00112,11,37,48,0.01107754279959718,0.03726082578046324,0.05569733898790198,0.2186241715458798,0.052465646507363226,0.0038839189059717365,0.002687021867288124,13,2,23,112,9,16,11
DST-00019,9,39,48,0.00906344410876133,0.03927492447129909,0.007220410946380304,0.14737876062882815,0.01101667118464147,0.0014353377127529132,0.0024937655344951038,13,45,444,378,228,20,-32
WHS-00092,38,4,42,0.038267875125881166,0.004028197381671702,0.012735242565528486,0.1857652012708372,0.04938853091824642,0.003239617508395079,0.001287906672051336,15,18,215,124,22,189,-3
DST-00116,7,32,39,0.007049345417925478,0.032225579053373615,0.012073691833473172,0.17728691987624318,0.03000828268074914,0.0013619763850929412,0.002263165498670789,16,19,276,234,247,24,-3
WHS-00065,35,3,38,0.035246727089627394,0.0030211480362537764,0.0035485544113440085,0.2300293098570501,0.10220648054617547,0.0036948168698478644,0.0006572235895263682,17,97,8,18,13,778,-80
WHS-00020,33,2,35,0.03323262839879154,0.002014098690835851,0.002651170185287183,0.19591508617966108,0.06149544027465938,0.0030950351622918925,0.000986893931586924,18,134,136,80,27,375,-116
WHS-00025,25,7,32,0.025176233635448138,0.007049345417925478,0.01188008882269079,0.21024263919602165,0.04094133474812697,0.002782090423696996,0.0013047697023294501,19,20,50,174,44,184,-1
WHS-00033,29,2,31,0.02920443101711984,0.002014098690835851,0.007651228658515298,0.20929863760886822,0.05807261774267183,0.0028987829547083167,0.000673841528084407,20,40,53,97,35,763,-20
DST-00147,0,30,30,0.0,0.030211480362537763,0.0,0.0,9.810527203015464e-26,0.00037989094916249586,0.0030512668997923066,21,479,629,629,629,11,-458
WHS-00053,28,2,30,0.028197381671701913,0.002014098690835851,0.0016548267607499297,0.20222905239059533,0.08863749992861195,0.0032674785099369975,0.0006376854761995969,21,192,90,30,21,798,-171
WHS-00022,26,3,29,0.026183282980866064,0.0030211480362537764,0.005210649183906085,0.18460909535062267,0.03023449169094787,0.002839248903911861,0.0009283128603846599,23,70,226,232,40,445,-47
MFG-00047,21,8,29,0.021148036253776436,0.008056394763343404,0.008677350767882485,0.1910401499017714,0.030724917185181645,0.0038764323138131,0.0011054511583391319,23,34,170,227,10,281,-11
WHS-00051,15,14,29,0.015105740181268881,0.014098690835850957,0.008786369596232017,0.1775763679086942,0.04038614742982384,0.002113594081589889,0.002071588128230215,23,32,274,180,106,32,-9
WHS-00029,24,5,29,0.02416918429003021,0.005035246727089627,0.009939145660725138,0.20756779645815873,0.06074449615850488,0.002808010762342603,0.0010997826381597832,23,27,58,85,43,284,-4
WHS-00003,24,5,29,0.02416918429003021,0.005035246727089627,0.022519480565277535,0.1785969217472499,0.023287712963229963,0.002685396585273601,0.0008395785627119364,23,12,263,270,52,561,11
WHS-00027,23,6,29,0.023162134944612285,0.006042296072507553,0.006476823230441655,0.21222541530551256,0.04875236704370188,0.002498864695874555,0.001448584287310378,23,54,40,129,63,131,-31
WHS-00002,22,6,28,0.02215508559919436,0.006042296072507553,0.01171050567509696,0.19585628813458916,0.046110460642035354,0.0024379809820704356,0.0014352084897868449,29,21,137,143,69,137,8
WHS-00056,24,3,27,0.02416918429003021,0.0030211480362537764,0.0047771469961018055,0.22464480277605892,0.12086380891302013,0.003850019859078611,0.0009638957052197465,30,77,11,7,11,401,-47
WHS-00085,23,4,27,0.023162134944612285,0.004028197381671702,0.008851411534687326,0.19908271875059522,0.05275874166284993,0.0026226323366521334,0.0009472712061516333,30,31,116,110,59,420,-1
MFG-00024,21,6,27,0.021148036253776436,0.006042296072507553,0.004849052215175158,0.19492029631554694,0.05601203278817696,0.0022217664162315956,0.00099891976392853,30,75,142,105,93,369,-45
MFG-00048,16,11,27,0.016112789526686808,0.01107754279959718,0.0065231089712084,0.17918537947953078,0.02357667752888076,0.0016383889717172153,0.0014129658626807313,30,53,258,266,183,144,-23
WHS-00070,18,7,25,0.01812688821752266,0.007049345417925478,0.015539032523016564,0.20916447181552922,0.04272220449850458,0.0024283145480641696,0.001294901301009832,34,16,54,162,72,188,18
WHS-00012,20,5,25,0.02014098690835851,0.005035246727089627,0.0023906554027545083,0.20425450768840409,0.04426726151315075,0.002974992787244509,0.0007598735739810065,34,146,75,155,32,647,-112
WHS-00064,21,4,25,0.021148036253776436,0.004028197381671702,0.004489206164559245,0.1929607191201807,0.04677393563952841,0.002323149000251216,0.000860757726143831,34,84,158,140,77,534,-50
MFG-00135,15,10,25,0.015105740181268881,0.010070493454179255,0.010413161427814668,0.17533400109200728,0.012198133962557178,0.00410829464521179,0.0018275354361002591,34,25,286,367,7,58,9
MFG-00096,21,4,25,0.021148036253776436,0.004028197381671702,0.005304968315905415,0.20012056181062593,0.04789530889884229,0.002710681089950117,0.0009756980008715215,34,68,110,133,47,385,-34
MFG-00077,20,5,25,0.02014098690835851,0.005035246727089627,0.002074789933718067,0.16257926060399877,0.020072155459960897,0.002006481654085664,0.0008644470177419977,34,164,363,308,121,529,-130
WHS-00066,19,6,25,0.019133937562940583,0.006042296072507553,0.002810691385211098,0.19059379441134672,0.02590774640655712,0.00198096245293976,0.001003061860081128,34,124,173,255,126,363,-90
RET-00117,24,0,24,0.02416918429003021,0.0,0.0,0.20329878551464198,0.09248976756094508,0.003841027323836956,0.000501583283264323,41,479,86,27,12,845,-438
MFG-00100,15,9,24,0.015105740181268881,0.00906344410876133,0.006771092966359358,0.1460593446876569,0.003458357196771788,0.0014589955342001685,0.0017431239121020545,41,50,449,463,221,65,-9
WHS-00093,19,5,24,0.019133937562940583,0.005035246727089627,0.013393488435165638,0.18414027992789253,0.04197336619549889,0.0024689642787961994,0.0022214528652962024,41,17,228,168,66,27,24
MFG-00046,19,5,24,0.019133937562940583,0.005035246727089627,0.0011865186480670723,0.16492119081739984,0.011601318009166896,0.0022152655988280216,0.0009724907338971515,41,237,353,369,95,390,-196
MFG-00134,19,5,24,0.019133937562940583,0.005035246727089627,0.006090029551515935,0.18970731164664276,0.03339952561649599,0.001689196859730195,0.0009262197451589723,41,58,180,212,177,449,-17
MFG-00062,12,12,24,0.012084592145015106,0.012084592145015106,0.009486270642085745,0.18795885716142025,0.015570520744706457,0.0016742334160235477,0.0016773001088773137,41,29,198,348,179,76,12
WHS-00096,23,1,24,0.023162134944612285,0.0010070493454179255,0.005660314163377112,0.21716910218450952,0.05683246659693529,0.0027049900089275857,0.0005864326921350942,41,63,27,102,48,828,-22
MFG-00094,15,8,23,0.015105740181268881,0.008056394763343404,0.003276551781618361,0.1532268495103196,0.003858648183611268,0.0013129777407583964,0.001378830588795029,48,103,415,458,262,153,-55
MFG-00097,15,8,23,0.015105740181268881,0.008056394763343404,0.003003745253546745,0.14377465346209542,0.0069188700392281335,0.001379817627886031,0.0011940980187458135,48,113,455,422,243,238,-65
WHS-00084,17,6,23,0.017119838872104734,0.006042296072507553,0.011459419372237052,0.1857652012708372,0.020498551600251987,0.0017719442737217587,0.0015491256425760238,48,22,215,302,160,105,26
MFG-00110,16,7,23,0.016112789526686808,0.007049345417925478,0.002591278239326598,0.17547543750052463,0.02752795240854674,0.002123875937774983,0.001016758352593198,48,138,285,242,105,352,-90
WHS-00021,17,6,23,0.017119838872104734,0.006042296072507553,0.00842910904017507,0.2016043101836426,0.03226229456677667,0.0019376603609950025,0.001530405673381219,48,37,96,219,135,111,11
WHS-00073,18,5,23,0.01812688821752266,0.005035246727089627,0.0023254244143927137,0.1749110565704774,0.029050213212864034,0.0019352610715065504,0.0011988082649479113,48,152,293,239,136,232,-104
MFG-00148,17,6,23,0.017119838872104734,0.006042296072507553,0.001811196643010959,0.17623363544813694,0.008316943475505004,0.0015304790535471567,0.0009125538583067813,48,181,279,410,205,461,-133
MFG-00032,16,7,23,0.016112789526686808,0.007049345417925478,0.003219889409960126,0.17025649675566165,0.03378076509185831,0.0026927587392812013,0.001008092127059282,48,107,323,210,50,360,-59
MFG-00038,15,8,23,0.015105740181268881,0.008056394763343404,0.006285252816683165,0.18828423314034945,0.03927301134954018,0.002684485133735003,0.0018737900590515718,48,55,195,186,53,49,-7
WHS-00013,18,4,22,0.01812688821752266,0.004028197381671702,0.006574587126921438,0.20425450768840409,0.031280206640990516,0.0021674073039842623,0.0011513555391566104,57,52,75,223,99,254,5
WHS-00080,15,7,22,0.015105740181268881,0.007049345417925478,0.00560127373942824,0.22129303223616517,0.0795363294052707,0.001803573749513815,0.0008571065958834188,57,65,18,44,155,535,-8
MFG-00008,17,5,22,0.017119838872104734,0.005035246727089627,0.005125937929877816,0.19697952069557836,0.03262096993453379,0.0026703771697317983,0.0010929377995174238,57,72,130,217,56,286,-15
WHS-00094,20,2,22,0.02014098690835851,0.002014098690835851,0.00417908759893529,0.18899309356051291,0.023104659243344795,0.0022840134906870944,0.000887501371767297,57,88,189,273,85,500,-31
MFG-00082,13,9,22,0.013091641490433032,0.00906344410876133,0.003875070697101149,0.13020613568724085,0.0025347729587086015,0.001263690199156032,0.0013473681277394352,57,92,482,473,283,163,-35
WHS-00016,17,5,22,0.017119838872104734,0.005035246727089627,0.0047228246737158605,0.19227847733189485,0.058269655788167125,0.0022876226110991518,0.0010324293884233537,57,79,164,96,84,342,-22
MFG-00035,15,6,21,0.015105740181268881,0.006042296072507553,0.0011581825424243329,0.11207163868529127,0.000691670415222756,0.0017296141320682584,0.0008171375731993551,63,241,491,487,167,587,-178
DST-00043,10,11,21,0.010070493454179255,0.01107754279959718,0.00903137872471422,0.20222905239059533,0.05771697768579929,0.0014959954842270963,0.001304980058747349,63,30,90,99,212,183,33
WHS-00076,17,4,21,0.017119838872104734,0.004028197381671702,0.006110126783267347,0.19318921020262023,0.04633797793300751,0.002255565398611225,0.0009202359383325746,63,57,152,142,90,456,6
DST-00177,16,5,21,0.016112789526686808,0.005035246727089627,0.004346927229371263,0.20677856529291863,0.08707307488055657,0.0031715889025843154,0.0006474517825052497,63,87,65,32,25,790,-24
MFG-00092,13,8,21,0.013091641490433032,0.008056394763343404,0.007548302307633969,0.18067363013965979,0.031257111527178215,0.0030061850320535106,0.0012977222337459756,63,42,248,224,31,186,21
WHS-00055,19,2,21,0.019133937562940583,0.002014098690835851,0.0015825924461313173,0.19382035998350197,0.025950355817958116,0.0020882259756637316,0.0006874028574508733,63,196,150,254,108,745,-133
MFG-00055,15,6,21,0.015105740181268881,0.006042296072507553,0.002130270449235065,0.173515860692489,0.007839381654477633,0.0019783521043919825,0.0008288908227047033,63,162,305,416,127,573,-99
WHS-00058,16,5,21,0.016112789526686808,0.005035246727089627,0.010679206667227438,0.19793544193644255,0.042076001767070055,0.001954122843755369,0.001297053620936489,63,23,125,167,132,187,40
RET-00149,21,0,21,0.021148036253776436,0.0,0.0,0.22095027242322132,0.1119880687126624,0.002854099832233205,0.000501583283264323,63,479,19,11,37,845,-416
WHS-00039,20,1,21,0.02014098690835851,0.0010070493454179255,0.0033728257906891325,0.20222905239059533,0.050225418145120417,0.0022907631371688595,0.00062707003805203,63,99,90,122,83,804,-36
WHS-00079,19,2,21,0.019133937562940583,0.002014098690835851,0.0012130346677509294,0.22464480277605892,0.07598260952126441,0.0020585836734756985,0.0006390519205119836,63,232,11,49,115,797,-169
MFG-00098,12,8,20,0.012084592145015106,0.008056394763343404,0.003607955362713746,0.16981346657935234,0.019338769654789978,0.0013048788900423664,0.0015852269496815627,74,96,326,321,264,93,-22
MFG-00006,15,5,20,0.015105740181268881,0.005035246727089627,0.0037547296834201773,0.15254631885564543,0.016225961563664255,0.0017877895204466102,0.0011310721128386574,74,94,418,343,158,269,-20
MFG-00130,12,8,20,0.012084592145015106,0.008056394763343404,0.0018021428455771234,0.012588116817724069,8.89226185681321e-22,0.0012819246784022528,0.001994178659230439,74,182,495,510,274,35,-108
RET-00036,20,0,20,0.02014098690835851,0.0,0.0,0.20192114505975325,0.07178761811057903,0.003056775045165792,0.000501583283264323,74,479,94,59,30,845,-405
WHS-00061,17,3,20,0.017119838872104734,0.0030211480362537764,0.0025853051834068062,0.18959708078572082,0.06491812514717481,0.0018769623500978533,0.0008978082984631719,74,139,183,68,148,483,-65
RET-00067,20,0,20,0.02014098690835851,0.0,0.0,0.21174436838870486,0.07314891949663728,0.0038842281233782087,0.000501583283264323,74,479,43,56,8,845,-405
MFG-00125,10,10,20,0.010070493454179255,0.010070493454179255,0.008044177942516266,0.19393555782004493,0.06589433377620445,0.0011441465914560941,0.0016960785945532586,74,38,148,65,318,73,36
MFG-00021,14,6,20,0.014098690835850957,0.006042296072507553,0.0003092773788261554,0.014098690835850957,1.1380211555497949e-22,0.0012856632535378323,0.0008725349588129731,74,372,493,554,272,518,-298
WHS-00071,12,8,20,0.012084592145015106,0.008056394763343404,0.006850805600723741,0.175098779732882,0.017542918347721845,0.0010432328168179334,0.0018432182390322386,74,49,287,334,356,54,25
MFG-00087,11,9,20,0.01107754279959718,0.00906344410876133,0.0011494773899932904,0.011346089291708628,7.512901732069239e-22,0.0012767863376585648,0.0012730944221551774,74,244,501,513,277,196,-170
WHS-00089,18,1,19,0.01812688821752266,0.0010070493454179255,3.660496104580502e-05,0.20450625462954655,0.047960526043411444,0.0019484265403566683,0.0005170695867545621,84,459,72,132,134,844,-375
MFG-00136,13,6,19,0.013091641490433032,0.006042296072507553,0.00127512882338996,0.15732718227204703,0.003877760264878932,0.0013851853033014741,0.0011927461839778672,84,224,394,456,240,239,-140
RET-00051,19,0,19,0.019133937562940583,0.0,0.0,0.21206391976784725,0.07427079316423867,0.003291365230834922,0.000501583283264323,84,479,42,53,20,845,-395
MFG-00037,12,7,19,0.012084592145015106,0.007049345417925478,0.010251570479005679,0.18492296743112813,0.023541304967248062,0.0017185563618366418,0.0015342946428026833,84,26,224,267,171,110,58
MFG-00042,14,5,19,0.014098690835850957,0.005035246727089627,0.0014617750463449286,0.15948024243999293,0.0062813702989534545,0.001404985712983542,0.0010096718533955896,84,207,384,430,233,359,-123
MFG-00025,12,7,19,0.012084592145015106,0.007049345417925478,0.0031715525740862696,0.16525529300188682,0.009933021284426906,0.0012737512559486577,0.000980469375155213,84,110,352,394,280,382,-26
WHS-00042,14,5,19,0.014098690835850957,0.005035246727089627,0.007605747896738122,0.21264032325332394,0.1305936979378876,0.003480514761352433,0.0009731610291543876,84,41,39,3,17,389,43
MFG-00120,11,8,19,0.01107754279959718,0.008056394763343404,0.004358831086977381,0.18943197447444154,0.022013806443133683,0.0013559271642346509,0.0009145945685686337,84,86,188,285,249,458,-2
DST-00124,12,7,19,0.012084592145015106,0.007049345417925478,0.0009229680066284389,0.19993662747072646,0.06874292163586027,0.0036041987596372766,0.0007284609857062543,84,270,112,61,14,690,-186
MFG-00089,13,5,18,0.013091641490433032,0.005035246727089627,0.003183148317143731,0.20515345868105977,0.060310095670031295,0.001181014745437902,0.0010637296906393027,93,109,69,86,307,316,-16
RET-00010,18,0,18,0.01812688821752266,0.0,0.0,0.2213431924245962,0.1235957477959549,0.0041927174038180305,0.000501583283264323,93,479,17,6,6,845,-386
MFG-00073,10,8,18,0.010070493454179255,0.008056394763343404,0.0026071127034818357,0.17430372651294102,0.012475415213257507,0.0010042907019416369,0.0010597500116934092,93,137,298,365,370,323,-44
DST-00005,10,8,18,0.010070493454179255,0.008056394763343404,0.0028306097220289813,0.1875267678346124,0.0395257893527642,0.0018919044986706022,0.0008239151207949345,93,123,203,184,145,578,-30
MFG-00128,11,7,18,0.01107754279959718,0.007049345417925478,0.0011474641443428135,0.011610686570700787,9.02274186861332e-22,0.001193583031108275,0.00106213420329707,93,245,499,509,303,320,-152
DST-00117,9,9,18,0.00906344410876133,0.00906344410876133,0.00121024981215812,0.1820343520402932,0.06480130674707522,0.00242942903032366,0.0008567899756894318,93,234,239,69,71,536,-141
DST-00108,11,7,18,0.01107754279959718,0.007049345417925478,0.006985668596458028,0.17801231643874826,0.01869155074767098,0.001760534550803625,0.0008470122286520492,93,48,268,324,162,552,45
MFG-00023,8,10,18,0.008056394763343404,0.010070493454179255,0.0013373662685237928,0.008056394763343404,5.788211049779124e-23,0.0007761176949175356,0.0017502648725840383,93,221,517,557,463,64,-128
WHS-00045,13,5,18,0.013091641490433032,0.005035246727089627,0.0032493587323745416,0.18544846605980422,0.041639446522302455,0.002129980044177432,0.0009781790578755533,93,104,218,171,104,384,-11
WHS-00036,11,7,18,0.01107754279959718,0.007049345417925478,0.020246559551834395,0.19987539113765732,0.03535500691109768,0.0011013219544445375,0.0014687452581040098,93,14,113,202,337,124,79
MFG-00115,9,9,18,0.00906344410876133,0.00906344410876133,0.0015472190622231742,0.010011255257389965,8.83634185175602e-22,0.0008856509462560932,0.0017363851161708182,93,201,509,511,418,67,-108
DST-00130,10,8,18,0.010070493454179255,0.008056394763343404,0.0027441446710493376,0.1756643747145225,0.008412808972494612,0.0009759296460088059,0.0008526820298312334,93,127,284,409,383,545,-34
MFG-00004,9,9,18,0.00906344410876133,0.00906344410876133,0.009888066900406951,0.21445716466133788,0.05886017671491836,0.002242931960726256,0.001330372789955457,93,28,35,95,91,169,65
WHS-00086,13,5,18,0.013091641490433032,0.005035246727089627,0.005655215818654607,0.19877951631570243,0.05982240905876977,0.0015952026857773637,0.0008489492564379996,93,64,119,91,190,547,29
RET-00042,18,0,18,0.01812688821752266,0.0,0.0,0.2306047395056535,0.1322405476661483,0.0035766696220778005,0.000501583283264323,93,479,6,2,16,845,-386
RET-00141,18,0,18,0.01812688821752266,0.0,0.0,0.22707931570979498,0.11651085499194197,0.0027227335587385704,0.000501583283264323,93,479,9,9,46,845,-386
MFG-00106,10,8,18,0.010070493454179255,0.008056394763343404,0.004591633502558054,0.15683565298352586,0.018439120765011814,0.001891493267317773,0.001221129591406321,93,82,398,327,146,220,11
WHS-00007,11,7,18,0.01107754279959718,0.007049345417925478,0.008447255687696548,0.21215642134735083,0.049055803295195495,0.001535284611204961,0.0013273612435065517,93,36,41,126,202,173,57
RET-00073,18,0,18,0.01812688821752266,0.0,0.0,0.2306858526746671,0.08906842334894427,0.0042060100871060225,0.000501583283264323,93,479,5,29,5,845,-386
WHS-00100,16,2,18,0.016112789526686808,0.002014098690835851,0.0011731039505343238,0.18650847443968308,0.02623496179121895,0.001385533485920148,0.0007697934180497475,93,238,210,251,239,640,-145
MFG-00012,10,8,18,0.010070493454179255,0.008056394763343404,0.002294927692788377,0.010154414232964083,2.7783413038939796e-22,0.0011415762865718986,0.0019872512247079677,93,153,506,533,321,36,-60
MFG-00040,11,6,17,0.01107754279959718,0.006042296072507553,0.0005265384581354267,0.011155008133860098,3.3375413544658606e-22,0.0010978260000592476,0.0019273677348279734,114,311,503,529,338,42,-197
WHS-00038,14,3,17,0.014098690835850957,0.0030211480362537764,0.0026663671346381355,0.19568010556655208,0.05922303851071934,0.0023123901551429255,0.0007116711635188726,114,133,138,93,80,710,-19
WHS-00054,10,7,17,0.010070493454179255,0.007049345417925478,0.004812952647263115,0.18027435139901962,0.021024857577596732,0.0015673539536449118,0.0011990969989404121,114,76,250,295,197,231,38
DST-00065,10,7,17,0.010070493454179255,0.007049345417925478,0.0017678652496275033,0.20836307537179152,0.04511340959412466,0.001838386403907762,0.0007122447591843355,114,185,56,148,152,707,-71
RET-00011,17,0,17,0.017119838872104734,0.0,0.0,0.19738167170191342,0.08405124959881852,0.002917102771794756,0.000501583283264323,114,479,128,35,34,845,-365
MFG-00112,11,6,17,0.01107754279959718,0.006042296072507553,0.002234783972001924,0.15948024243999293,0.0115236395544822,0.0012179914465598337,0.001088648256157132,114,159,384,372,296,291,-45
MFG-00146,12,5,17,0.012084592145015106,0.005035246727089627,0.0014947617263280353,0.13189028942288827,0.002718718793308408,0.0010168597452840985,0.00146816334799721,114,204,478,468,368,125,-90
MFG-00126,10,7,17,0.010070493454179255,0.007049345417925478,0.002253362983835246,0.1512733314938459,0.00827353145451396,0.001527914533009947,0.0014523933215561163,114,158,423,412,207,130,-44
MFG-00053,12,5,17,0.012084592145015106,0.005035246727089627,0.0007086762568681891,0.013595166163141995,1.405554232376025e-21,0.0013996405148857614,0.0008882824071506593,114,293,494,506,235,498,-179
MFG-00029,11,6,17,0.01107754279959718,0.006042296072507553,0.0004290615659329807,0.011155008133860098,4.0831414218950358e-22,0.0010407985938379058,0.0015087088994361385,114,339,503,525,358,116,-225
DST-00027,10,7,17,0.010070493454179255,0.007049345417925478,0.0016205111856200977,0.18167960803576033,0.05059732770186504,0.002149871642567135,0.0007758875304588167,114,194,242,118,101,633,-80
MFG-00114,11,6,17,0.01107754279959718,0.006042296072507553,0.0009825522109130143,0.011610686570700787,6.599541649468499e-22,0.0011953256879046565,0.0007759462435926543,114,262,499,518,302,632,-148
RET-00066,17,0,17,0.017119838872104734,0.0,0.0,0.22444896617182702,0.08281989673899808,0.0024970064346319138,0.000501583283264323,114,479,13,37,64,845,-365
MFG-00018,9,8,17,0.00906344410876133,0.008056394763343404,0.002942736833980992,0.14801386982636677,0.010687954516935142,0.001032084516878524,0.0015134491654428734,114,116,438,380,360,114,-2
WHS-00030,11,6,17,0.01107754279959718,0.006042296072507553,0.0033029491108709126,0.1857652012708372,0.03250856781688928,0.0013301596106440547,0.0011380128521215939,114,101,215,218,256,259,13
RET-00033,17,0,17,0.017119838872104734,0.0,0.0,0.23281383280698603,0.09774196843605132,0.004643291447453862,0.000501583283264323,114,479,4,19,3,845,-365
WHS-00090,10,7,17,0.010070493454179255,0.007049345417925478,0.007399935957647462,0.18331268316417165,0.029373711323179133,0.0011549169201137597,0.0015548799397221177,114,43,231,238,314,101,71
MFG-00144,12,5,17,0.012084592145015106,0.005035246727089627,0.0008180151912358059,0.012084592145015106,9.143411353210417e-23,0.0013051916255593708,0.001067033775341065,114,277,497,555,263,314,-163
DST-00088,11,6,17,0.01107754279959718,0.006042296072507553,0.0012354817872739638,0.20425450768840409,0.04764128610376445,0.002843256313070385,0.0008722153527639957,114,231,75,135,39,519,-117
MFG-00026,11,6,17,0.01107754279959718,0.006042296072507553,0.00047704365958014974,0.011077542799597181,6.720211134065601e-23,0.0008024691449276563,0.0011677522576864004,114,329,505,556,446,248,-215
WHS-00068,12,5,17,0.012084592145015106,0.005035246727089627,0.006585371144944388,0.2050245529577289,0.07559178391084813,0.0012999787738874175,0.001312397871557009,114,51,70,50,266,178,63
RET-00007,16,0,16,0.016112789526686808,0.0,0.0,0.218936484797512,0.10292141076221274,0.003418305832125032,0.000501583283264323,135,479,22,15,18,845,-344
MFG-00016,8,8,16,0.008056394763343404,0.008056394763343404,0.0007502481412340346,0.008157099697885197,2.1818612499506405e-22,0.0008011431575774867,0.0011712334930860803,135,286,513,536,448,247,-151
WHS-00037,13,3,16,0.013091641490433032,0.0030211480362537764,0.001126566009440118,0.18743637586569836,0.03642625595986433,0.0020293805323426456,0.0006678969419072545,135,248,205,196,118,769,-113
MFG-00090,11,5,16,0.01107754279959718,0.005035246727089627,0.0011698102699605585,0.18264571846192307,0.03505091234320699,0.0010833378232471334,0.0008098618785470685,135,239,234,203,346,596,-104
MFG-00009,8,8,16,0.008056394763343404,0.008056394763343404,0.003700559192625578,0.16941670614341928,0.008771126844988722,0.0012432397764838262,0.0020871725223553833,135,95,328,407,286,30,40
DST-00097,12,4,16,0.012084592145015106,0.004028197381671702,0.005000964982991104,0.17273508524734016,0.02585776999457714,0.002028854038372103,0.0007763029914831902,135,74,308,256,119,631,61
RET-00113,16,0,16,0.016112789526686808,0.0,0.0,0.2161674852864773,0.07336673883796335,0.002685823686091901,0.000501583283264323,135,479,29,55,51,845,-344
RET-00008,16,0,16,0.016112789526686808,0.0,0.0,0.21060651908350506,0.10245731250048358,0.002454544113972437,0.000501583283264323,135,479,49,16,67,845,-344
MFG-00111,8,8,16,0.008056394763343404,0.008056394763343404,0.0023494970064414705,0.16105457849566907,0.006969188366214998,0.0009019179097029223,0.0021060105189143305,135,149,373,421,410,29,-14
WHS-00074,11,5,16,0.01107754279959718,0.005035246727089627,0.005492903635072451,0.18861073759088184,0.06161788505394574,0.0015956675425655834,0.0010683185937657505,135,67,193,77,189,311,68
RET-00130,16,0,16,0.016112789526686808,0.0,0.0,0.23011925584353635,0.10241142833356581,0.0026722854768200252,0.000501583283264323,135,479,7,17,55,845,-344
MFG-00005,5,11,16,0.005035246727089627,0.01107754279959718,0.0013629155100352206,0.005179110919292188,1.6413012010644876e-22,0.0006381460927568255,0.0013563566866312549,135,219,546,549,510,162,-84
MFG-00104,8,8,16,0.008056394763343404,0.008056394763343404,0.00047204278600773486,0.008157099697885197,1.473541185892924e-22,0.0007594222254262714,0.001266064915889287,135,330,513,551,469,197,-195
RET-00112,16,0,16,0.016112789526686808,0.0,0.0,0.20148690603811936,0.08357865818839384,0.0019032806643509309,0.000501583283264323,135,479,98,36,141,845,-344
MFG-00118,9,7,16,0.00906344410876133,0.007049345417925478,0.007115042797086284,0.16609650090721587,0.011973168884169732,0.0013375645205229024,0.0012757520209831933,135,47,345,368,254,195,88
MFG-00108,9,7,16,0.00906344410876133,0.007049345417925478,0.0033000076837211277,0.1674603931394537,0.011447718087226381,0.002433350956542906,0.0014214644855989771,135,102,340,373,70,140,33
MFG-00138,11,5,16,0.01107754279959718,0.005035246727089627,0.0003507219108887194,0.012276411067951853,1.0905382038871985e-21,0.0010685973968758238,0.0006922017249539588,135,362,496,507,347,737,-227
MFG-00010,9,7,16,0.00906344410876133,0.007049345417925478,0.0017215076580163091,0.009154994049253868,3.412101361208777e-22,0.0011133704952142939,0.001970100453433357,135,189,510,528,332,37,-54
DST-00180,11,5,16,0.01107754279959718,0.005035246727089627,0.0033311470906632916,0.19261899411583563,0.047135879736232206,0.002271226358547002,0.0014658721168901924,135,100,160,138,88,126,35
MFG-00068,11,5,16,0.01107754279959718,0.005035246727089627,0.00046843209835339484,0.15173056313983982,0.005471875909859279,0.0011592877074569216,0.0008174683455317499,135,331,420,437,313,585,-196
MFG-00143,7,9,16,0.007049345417925478,0.00906344410876133,0.0035185450416165714,0.16193378463137745,0.010599755294136983,0.0010918040626271498,0.0016020290094893017,135,98,368,383,342,88,37
WHS-00059,12,4,16,0.012084592145015106,0.004028197381671702,0.0007892068985505179,0.15556451777460098,0.016732438007167557,0.0013375949821251409,0.0008241097175068933,135,280,404,338,253,577,-145
MFG-00007,5,11,16,0.005035246727089627,0.01107754279959718,0.000337920905916131,0.005035246727089627,3.737810864348894e-23,0.0006160691959144263,0.0014544339416334943,135,365,550,566,522,128,-230
MFG-00022,10,6,16,0.010070493454179255,0.006042296072507553,0.00178247847793867,0.010154414232964083,4.884661494381398e-22,0.0011430080966760322,0.00104332307536204,135,183,506,522,320,332,-48
MFG-00058,11,5,16,0.01107754279959718,0.005035246727089627,0.0012649615957204285,0.14767892103744085,0.007960988048837155,0.0010252867059946749,0.0011246114032975225,135,225,440,415,364,274,-90
WHS-00040,12,4,16,0.012084592145015106,0.004028197381671702,0.004706349259937961,0.18117522267197422,0.030297828390758248,0.001464594359683403,0.0010128292697733964,135,80,246,230,219,356,55
MFG-00033,8,8,16,0.008056394763343404,0.008056394763343404,0.004070137414494559,0.175098779732882,0.01347945248155869,0.0010839804143849894,0.0018649283799499646,135,90,287,359,344,51,45
WHS-00091,11,5,16,0.01107754279959718,0.005035246727089627,0.0046736371574745365,0.17997604855610896,0.019924639767799845,0.0014183740483023036,0.001512682819706735,135,81,253,310,231,115,54
WHS-00088,9,7,16,0.00906344410876133,0.007049345417925478,0.008627019665511805,0.17972821593623,0.02711185694324485,0.0014942634863110511,0.001358314517159928,135,35,255,246,213,161,100
DST-00045,7,8,15,0.007049345417925478,0.008056394763343404,0.0009888379161203465,0.13367332078337793,0.006058239718357487,0.0010381926160935254,0.0009003280460847774,164,261,473,433,359,473,-97
RET-00099,15,0,15,0.015105740181268881,0.0,0.0,0.19616656928333415,0.059888557003329276,0.0020807438429477783,0.000501583283264323,164,479,133,90,112,845,-315
MFG-00083,2,13,15,0.002014098690835851,0.013091641490433032,0.0006371200360856831,0.002014098690835851,1.5010106620613663e-23,0.0006242808607913157,0.0016507782397814034,164,296,577,579,516,80,-132
RET-00096,15,0,15,0.015105740181268881,0.0,0.0,0.20123516104580727,0.06174587409940654,0.0029287276947929054,0.000501583283264323,164,479,99,76,33,845,-315
WHS-00097,10,5,15,0.010070493454179255,0.005035246727089627,0.0019995456038777513,0.1776247011607107,0.021442663317736463,0.0007946966086775508,0.0010396525773951762,164,170,272,288,453,336,-6
MFG-00050,9,6,15,0.00906344410876133,0.006042296072507553,0.0014470774998359033,0.12979179635331167,0.0008735262679796278,0.0009973386418962633,0.0013645709435650005,164,210,483,485,373,158,-46
DST-00192,5,10,15,0.005035246727089627,0.010070493454179255,0.006075581514292085,0.19160104288445423,0.04069631969806678,0.0017270166332367988,0.0009268642475202288,164,59,169,177,168,447,105
WHS-00018,11,4,15,0.01107754279959718,0.004028197381671702,0.005148504620673271,0.2015420481977922,0.05168704850259685,0.0013459349221949565,0.0010120297922577264,164,71,97,115,251,357,93
MFG-00054,7,8,15,0.007049345417925478,0.008056394763343404,0.0011683433697326768,0.007161239789638581,1.8090612162360534e-22,0.0007789684704204763,0.0009359063701752347,164,240,523,547,461,439,-76
DST-00014,10,5,15,0.010070493454179255,0.005035246727089627,0.005914077885656396,0.198961326848918,0.04678610447935486,0.002004314141852394,0.0008483643848070934,164,61,117,139,122,548,103
RET-00142,15,0,15,0.015105740181268881,0.0,0.0,0.2084306231951738,0.09475432636748925,0.0030803952263612103,0.000501583283264323,164,479,55,22,28,845,-315
MFG-00139,9,6,15,0.00906344410876133,0.006042296072507553,0.004021958324528793,0.1607372295725249,0.037382560122989954,0.0009289637035608462,0.0008077410531177164,164,91,376,191,399,599,73
RET-00125,15,0,15,0.015105740181268881,0.0,0.0,0.19032476541682625,0.053493186407878604,0.0021872426602318213,0.000501583283264323,164,479,175,109,98,845,-315
DST-00080,9,6,15,0.00906344410876133,0.006042296072507553,0.001489373405269063,0.18137664037366624,0.027409142881191475,0.002314533449851876,0.0007922332755486243,164,205,245,243,79,616,-41
DST-00184,8,7,15,0.008056394763343404,0.007049345417925478,0.0004899944109961608,0.16085608875140525,0.014869520182275251,0.001354884506695092,0.0008297773824906039,164,322,375,353,250,570,-158
MFG-00107,6,9,15,0.006042296072507553,0.00906344410876133,0.0005025830134209115,0.006168177240684794,1.4549011842071946e-22,0.0007023329809046699,0.001340517792190516,164,314,537,552,487,166,-150
MFG-00069,9,6,15,0.00906344410876133,0.006042296072507553,0.0019155303752403016,0.009154994049253868,1.6040211976930288e-22,0.0009024580300172019,0.0009984745934615961,164,177,510,550,409,372,-13
DST-00034,5,10,15,0.005035246727089627,0.010070493454179255,0.0017372896449140184,0.1815785064174878,0.03384786485906167,0.0007867887187505624,0.0008433328284155966,164,186,244,208,456,556,-22
RET-00090,15,0,15,0.015105740181268881,0.0,0.0,0.19076203582143064,0.047798182046384655,0.0023905042209518773,0.000501583283264323,164,479,172,134,76,845,-315
DST-00196,6,9,15,0.006042296072507553,0.00906344410876133,0.0007966971607168902,0.13536468617806494,0.003821552006723556,0.0008669304232349101,0.0009183786064854073,164,279,470,459,424,457,-115
MFG-00095,7,8,15,0.007049345417925478,0.008056394763343404,0.0011521428325632123,0.007049345417925478,5.788211049779124e-23,0.0009615214489929209,0.0018407443021414415,164,242,528,557,392,55,-78
MFG-00001,6,9,15,0.006042296072507553,0.00906344410876133,0.00023706099641869076,0.006042296072507553,5.229010999207241e-23,0.0007811319490320812,0.001142167442824951,164,387,540,561,460,257,-223
DST-00179,7,8,15,0.007049345417925478,0.008056394763343404,0.0030484298664144034,0.1917699535893186,0.03806968312621099,0.0024711745526218402,0.000794158479097536,164,112,166,188,65,612,52
RET-00020,15,0,15,0.015105740181268881,0.0,0.0,0.22615168246692366,0.09181055071009868,0.002081836358251953,0.000501583283264323,164,479,10,28,111,845,-315
RET-00101,15,0,15,0.015105740181268881,0.0,0.0,0.2022324635072706,0.07173765659201703,0.002695975068922794,0.000501583283264323,164,479,89,60,49,845,-315
WHS-00081,12,3,15,0.012084592145015106,0.0030211480362537764,0.023454241063506017,0.1930748970604885,0.02950866790403669,0.0011846821146619267,0.001083792106871469,164,9,154,237,305,301,155
DST-00128,10,5,15,0.010070493454179255,0.005035246727089627,0.005561792303425636,0.17845041073679277,0.020166849843523554,0.0016934828195626537,0.0008222681525006275,164,66,264,307,175,579,98
MFG-00036,9,5,14,0.00906344410876133,0.005035246727089627,0.002467213348201108,0.13130646922825978,0.0014322921133045308,0.001086384248508854,0.0012065235449060842,191,143,480,480,343,228,48
DST-00010,6,8,14,0.006042296072507553,0.008056394763343404,0.0009258369760191846,0.16125355870137165,0.008293291587408722,0.001237817666524894,0.0008167369444280804,191,268,372,411,290,588,-77
DST-00194,6,8,14,0.006042296072507553,0.008056394763343404,0.0022580767249327973,0.17250678087878696,0.04175098441808037,0.0011067517785621655,0.0009987925846252034,191,157,309,169,335,370,34
RET-00103,14,0,14,0.014098690835850957,0.0,0.0,0.2373651390351352,0.09679443904783916,0.0026551667456396776,0.000501583283264323,191,479,2,21,57,845,-288
MFG-00116,6,8,14,0.006042296072507553,0.008056394763343404,0.002934273911320084,0.16141309722098718,0.037382560122989954,0.00089099696363351,0.0009492886011221778,191,117,370,191,414,416,74
WHS-00082,11,3,14,0.01107754279959718,0.0030211480362537764,0.00011507139459763473,0.018496824711757818,6.007770648582611e-21,0.0009874293146443713,0.0006717240547919696,191,431,492,500,379,766,-240
MFG-00101,8,6,14,0.008056394763343404,0.006042296072507553,0.0014669511969857014,0.14645268224067573,0.01592197609767431,0.0011497054780642009,0.0010381672775204988,191,206,447,346,316,339,-15
DST-00060,9,5,14,0.00906344410876133,0.005035246727089627,0.0012363251357035302,0.1838290569195637,0.026524998734088236,0.001769150061705736,0.0007175557203068549,191,230,229,249,161,703,-39
DST-00120,5,9,14,0.005035246727089627,0.00906344410876133,0.0023560368338203454,0.18445255852584827,0.03396561475985456,0.0012398618024181314,0.0009229926117950494,191,148,227,207,287,454,43
DST-00039,8,6,14,0.008056394763343404,0.006042296072507553,0.0005020651606424427,0.1762908942495067,0.018870564336711176,0.0014724298435345158,0.0008649694316582544,191,315,278,323,216,528,-124
MFG-00034,10,4,14,0.010070493454179255,0.004028197381671702,0.0009149278183169272,0.011718392383044951,1.957298282273615e-21,0.0010921905361082362,0.0007728298831527053,191,272,498,503,341,635,-81
WHS-00023,5,9,14,0.005035246727089627,0.00906344410876133,0.005017693197352557,0.17187072743335557,0.02106140772841405,0.0007316287006004739,0.001334792970794516,191,73,312,292,481,168,118
RET-00106,14,0,14,0.014098690835850957,0.0,0.0,0.2236834512803815,0.094276620054583,0.002517330038841487,0.000501583283264323,191,479,14,24,62,845,-288
RET-00076,14,0,14,0.014098690835850957,0.0,0.0,0.19389908374627132,0.04804120801840944,0.0017249986516103114,0.000501583283264323,191,479,149,131,169,845,-288
MFG-00071,8,6,14,0.008056394763343404,0.006042296072507553,0.001454534553731417,0.008157099697885197,3.132501335922836e-22,0.0009239177621201988,0.001000709987049459,191,208,513,530,402,366,-17
DST-00165,6,8,14,0.006042296072507553,0.008056394763343404,0.00015990838163264478,0.14096434142639935,0.005325704450407676,0.0014345623018618412,0.0008258357311593705,191,416,461,441,229,575,-225
WHS-00060,11,3,14,0.01107754279959718,0.0030211480362537764,0.0012607663431519213,0.20204122354936566,0.039516578485337364,0.0014423953141980918,0.0007452557507549851,191,227,93,185,225,670,-36
RET-00014,14,0,14,0.014098690835850957,0.0,0.0,0.2177040608764664,0.1066369220861707,0.002112163595429471,0.000501583283264323,191,479,25,13,107,845,-288
MFG-00057,7,7,14,0.007049345417925478,0.007049345417925478,0.00021739397462282298,0.007161239789638581,3.6171413797518016e-22,0.00079813643062205,0.0012831494820542584,191,393,523,527,450,191,-202
DST-00190,7,7,14,0.007049345417925478,0.007049345417925478,0.0020610513752813853,0.19620960675419455,0.031179375828898414,0.0016188467232868282,0.001037279058508996,191,165,132,225,186,340,26
MFG-00017,7,7,14,0.007049345417925478,0.007049345417925478,0.0001336100242913663,0.007049345417925478,4.483410931778069e-23,0.0008718154955477122,0.000847884584539038,191,425,528,563,422,549,-234
MFG-00084,10,4,14,0.010070493454179255,0.004028197381671702,0.001430838555484268,0.18218680962156647,0.022692891444573645,0.0013407608554057576,0.0010970254761648128,191,213,237,278,252,285,-22
RET-00100,14,0,14,0.014098690835850957,0.0,0.0,0.2175978364811143,0.07982124383213207,0.0023907160313051705,0.000501583283264323,191,479,26,43,75,845,-288
WHS-00005,7,7,14,0.007049345417925478,0.007049345417925478,0.004105514288650445,0.18581809569033347,0.019576426723591472,0.0010311580812704198,0.0009644779476440421,191,89,214,315,361,400,102
DST-00143,3,11,14,0.0030211480362537764,0.01107754279959718,0.0026211151479827656,0.1798768335348542,0.023016580174753738,0.0006167490224096089,0.001063240427580329,191,136,254,274,520,317,55
RET-00046,14,0,14,0.014098690835850957,0.0,0.0,0.21018742450349379,0.057032371364944864,0.0017895022271164518,0.000501583283264323,191,479,51,101,157,845,-288
DST-00090,8,6,14,0.008056394763343404,0.006042296072507553,0.0009154750089093847,0.1978154446997427,0.034886699093627294,0.002317043523929552,0.0007716077191512976,191,271,126,204,78,636,-80
DST-00069,6,8,14,0.006042296072507553,0.008056394763343404,0.005871607315770896,0.19865849377913275,0.04357252106361197,0.002401329861370262,0.0010253104733750538,191,62,120,158,73,347,129
WHS-00049,13,1,14,0.013091641490433032,0.0010070493454179255,0.001699022280885133,0.2080309697368349,0.07901832426421831,0.002087162319482522,0.0011345924601242163,191,190,57,45,109,263,1
RET-00003,14,0,14,0.014098690835850957,0.0,0.0,0.21861329305135954,0.09282108856210619,0.003068672422775939,0.000501583283264323,191,479,24,26,29,845,-288
DST-00029,3,11,14,0.0030211480362537764,0.01107754279959718,0.005293308529939461,0.17155445637866748,0.014717669887266747,0.0011183105513860767,0.0013134246026992665,191,69,313,355,330,177,122
DST-00047,7,7,14,0.007049345417925478,0.007049345417925478,0.0027890238675143575,0.16972513707788064,0.020722944756345497,0.0012638736323332858,0.0007519655434597376,191,126,327,299,282,661,65
WHS-00028,6,8,14,0.006042296072507553,0.008056394763343404,0.007366628671096174,0.17585371923051768,0.030227001415336078,0.0009684984025290526,0.001535157207647743,191,44,281,233,388,108,147
RET-00089,14,0,14,0.014098690835850957,0.0,0.0,0.21126807964232922,0.06383228173515253,0.003336899982185186,0.000501583283264323,191,479,46,70,19,845,-288
MFG-00076,8,5,13,0.008056394763343404,0.005035246727089627,0.0014415044773758276,0.140312438629209,0.0036169105027598,0.0013347645351160851,0.0010780014873619601,225,212,463,461,255,305,13
DST-00168,8,5,13,0.008056394763343404,0.005035246727089627,0.0015386376649082745,0.19059379441134672,0.040234338033610914,0.0025396158828251353,0.0007257084408610847,225,202,173,181,61,696,23
DST-00121,6,7,13,0.006042296072507553,0.007049345417925478,0.003224988989127007,0.17101497695609305,0.014264387558316445,0.0007882038893441241,0.001036367932831632,225,105,315,356,455,341,120
DST-00119,7,6,13,0.007049345417925478,0.006042296072507553,0.001264865634829154,0.15805113879013105,0.010333380906104694,0.0011153506875910767,0.0008560185383372986,225,226,390,390,331,538,-1
MFG-00031,5,8,13,0.005035246727089627,0.008056394763343404,0.00036484125126994574,0.005179110919292188,1.9768212314076166e-22,0.00059702972107465,0.0010791993440330352,225,352,546,543,531,303,-127
SUP-00266,0,13,13,0.0,0.013091641490433032,0.0,0.0,9.810527203015464e-26,0.00037989094916249586,0.0014477196892022815,225,479,629,629,629,132,-254
MFG-00059,10,3,13,0.010070493454179255,0.0030211480362537764,0.0007133290258373164,0.010154414232964083,2.0886612415219932e-22,0.0008923301676395236,0.000939778214066152,225,290,506,539,413,432,-65
RET-00029,13,0,13,0.013091641490433032,0.0,0.0,0.21307338504031142,0.1405487154718147,0.002851669332645474,0.000501583283264323,225,479,38,1,38,845,-254
RET-00146,13,0,13,0.013091641490433032,0.0,0.0,0.23298041888244353,0.12382737532975523,0.0022715769017394413,0.000501583283264323,225,479,3,5,87,845,-254
RET-00095,13,0,13,0.013091641490433032,0.0,0.0,0.20960047272421814,0.05781090741178332,0.0022192306807434863,0.000501583283264323,225,479,52,98,94,845,-254
RET-00127,13,0,13,0.013091641490433032,0.0,0.0,0.22297733761415112,0.09349813927283421,0.0014426926901836387,0.000501583283264323,225,479,15,25,224,845,-254
DST-00018,6,7,13,0.006042296072507553,0.007049345417925478,0.002743641966851007,0.17801231643874826,0.023195432472038664,0.001394251460415473,0.000758190594052474,225,128,268,271,237,650,97
WHS-00072,10,3,13,0.010070493454179255,0.0030211480362537764,0.002673130481825653,0.18970731164664276,0.06217759269455472,0.0012285554381660324,0.0009790939017568035,225,131,180,74,293,383,94
WHS-00077,8,5,13,0.008056394763343404,0.005035246727089627,0.000876322386988859,0.17835287020072454,0.03361550104997569,0.001315193364082119,0.000807791355341073,225,274,265,211,261,598,-49
RET-00116,13,0,13,0.013091641490433032,0.0,0.0,0.21655674039753903,0.07309036333291113,0.002646377354234512,0.000501583283264323,225,479,28,58,58,845,-254
WHS-00050,7,6,13,0.007049345417925478,0.006042296072507553,0.00290863241790761,0.15391347926048377,0.004431683169131867,0.0008117701314975681,0.001543819342937953,225,121,412,453,438,106,104
DST-00046,8,5,13,0.008056394763343404,0.005035246727089627,0.0010976880705731024,0.18826345570069625,0.026483385943704547,0.0015224002434474021,0.000832803412494094,225,249,196,250,208,568,-24
DST-00152,8,5,13,0.008056394763343404,0.005035246727089627,0.0010243605007305714,0.19261899411583563,0.023005603658414652,0.0019760696592517495,0.0006812796189279164,225,255,160,275,129,752,-30
DST-00031,5,8,13,0.005035246727089627,0.008056394763343404,0.0029187971195804487,0.1820343520402932,0.02537701501336719,0.0011744091688410398,0.001084367631647231,225,118,239,258,309,298,107
MFG-00049,9,4,13,0.00906344410876133,0.004028197381671702,0.0002609281842733727,0.009154994049253868,1.6413012010644888e-22,0.0008735225844712924,0.0007765152430533266,225,381,510,548,420,630,-156
MFG-00056,6,7,13,0.006042296072507553,0.007049345417925478,0.0010080663968103215,0.006168177240684794,2.0513812381505337e-22,0.000998112717268742,0.0010318489171789163,225,258,537,541,371,343,-33
RET-00082,13,0,13,0.013091641490433032,0.0,0.0,0.21922849744812553,0.0827455802302847,0.002891947960626477,0.000501583283264323,225,479,21,38,36,845,-254
MFG-00099,3,10,13,0.0030211480362537764,0.010070493454179255,0.0003639905966351827,0.0032225579053373615,1.8649812212932403e-22,0.0005151943731545172,0.0025329073686011024,225,355,562,546,566,19,-130
MFG-00121,7,6,13,0.007049345417925478,0.006042296072507553,0.002022001558047049,0.007161239789638581,1.883621222978971e-22,0.0011597175990260044,0.001050982648625338,225,168,523,544,312,326,57
MFG-00063,8,5,13,0.008056394763343404,0.005035246727089627,0.002529071407409012,0.14801386982636677,0.005525646702648415,0.0009886406932719486,0.0010840210361967556,225,140,438,436,378,299,85
MFG-00074,5,8,13,0.005035246727089627,0.008056394763343404,0.0006058729098272883,0.005179110919292188,3.766261393237636e-22,0.0007221564972284945,0.0015347692827256342,225,300,546,526,483,109,-75
DST-00071,8,5,13,0.008056394763343404,0.005035246727089627,0.0022700776407879506,0.1877965905221442,0.02311463208324862,0.001932325351420857,0.0008289710009635573,225,155,200,272,137,572,70
DST-00127,6,7,13,0.006042296072507553,0.007049345417925478,0.0004562563250348692,0.17074650760451363,0.02292474548458884,0.0008061421163468344,0.000707746929012957,225,335,318,276,444,714,-110
MFG-00123,8,5,13,0.008056394763343404,0.005035246727089627,0.0004835859982417581,0.008157099697885197,2.1445812465791815e-22,0.0009109852230683205,0.0008966845011356519,225,326,513,537,405,484,-101
RET-00045,13,0,13,0.013091641490433032,0.0,0.0,0.19165396819230818,0.05042968381821443,0.0027249001330683135,0.000501583283264323,225,479,168,120,45,845,-254
MFG-00002,7,6,13,0.007049345417925478,0.006042296072507553,0.002180622101943322,0.15074916887605708,0.009649268705564977,0.0010963120354194774,0.0013629373031719214,225,161,425,398,339,159,64
RET-00052,13,0,13,0.013091641490433032,0.0,0.0,0.18248689220639314,0.06158298167244053,0.0023976125668662106,0.000501583283264323,225,479,236,78,74,845,-254
MFG-00147,6,7,13,0.006042296072507553,0.007049345417925478,0.0005509792969216902,0.006445115810674723,3.132501335922836e-22,0.000785551080784923,0.0013775820812345016,225,306,532,530,457,155,-81
MFG-00070,4,8,12,0.004028197381671702,0.008056394763343404,0.0001066292021433551,0.004028197381671702,2.805810780062422e-23,0.0005660072158966286,0.0011311281010202008,258,434,558,569,545,268,-176
SUP-00117,0,12,12,0.0,0.012084592145015106,0.0,0.0,9.810527203015464e-26,0.00037989094916249586,0.0016399147509232458,258,479,629,629,629,81,-221
DST-00073,5,7,12,0.005035246727089627,0.007049345417925478,0.0005055375233716946,0.15747904248659533,0.01065500365215391,0.0010197745353805986,0.0009241337124426623,258,313,393,381,367,452,-55
RET-00122,12,0,12,0.012084592145015106,0.0,0.0,0.2106232309622891,0.07878159484034149,0.00422372528656924,0.000501583283264323,258,479,48,46,4,845,-221
MFG-00137,9,3,12,0.00906344410876133,0.0030211480362537764,0.0005399087617255923,0.16893428735812868,0.016017723852932757,0.0012762023999210435,0.0008438409984301391,258,309,331,344,278,555,-51
MFG-00065,4,8,12,0.004028197381671702,0.008056394763343404,0.0024833441472231306,0.17383941184455276,0.016633886951010007,0.0006857546436291136,0.0012218577927916505,258,141,302,339,494,219,117
DST-00188,5,7,12,0.005035246727089627,0.007049345417925478,0.0017345914599721313,0.17241562802231206,0.05028575301280293,0.001004517795290157,0.0008062184693976764,258,187,310,121,369,602,71
MFG-00103,7,5,12,0.007049345417925478,0.005035246727089627,0.00028167153459919433,0.007161239789638581,1.8836212229789703e-22,0.0008097663116594471,0.001067541419100319,258,377,523,545,441,313,-119
DST-00186,8,4,12,0.008056394763343404,0.004028197381671702,0.00093634370384993,0.18259461445563827,0.023473371277950877,0.0010922964345388634,0.0006980006281351737,258,267,235,268,340,729,-9
WHS-00019,11,1,12,0.01107754279959718,0.0010070493454179255,1.2234857918758123e-05,0.1406777947563446,0.01106665771214816,0.0014080381313910202,0.0005571319805662678,258,472,462,376,232,840,-214
MFG-00011,7,5,12,0.007049345417925478,0.005035246727089627,0.0003275297672015362,0.007161239789638581,3.0020213241227327e-22,0.0008348806952249827,0.0010282349912923005,258,369,523,532,428,346,-111
WHS-00006,9,3,12,0.00906344410876133,0.0030211480362537764,0.004493587237881858,0.20336340045635745,0.04414004964010604,0.0016633993023939403,0.0010190198817298032,258,83,84,156,181,350,175
MFG-00086,6,6,12,0.006042296072507553,0.006042296072507553,0.000403987835679988,0.007193209610128039,7.289221711840487e-22,0.0007998241765018611,0.0011557854609224067,258,343,522,514,449,251,-85
DST-00100,4,8,12,0.004028197381671702,0.008056394763343404,0.0013714846689684339,0.17820675916560655,0.033839829955195945,0.000923597110961274,0.0008562599206683715,258,217,266,209,403,537,41
DST-00111,6,6,12,0.006042296072507553,0.006042296072507553,0.0009249657850048433,0.1580128697492618,0.006532096934971225,0.0011500988134986972,0.0007379411124272951,258,269,391,427,315,682,-11
DST-00082,4,8,12,0.004028197381671702,0.008056394763343404,0.00267962070617946,0.17495794961513436,0.02204531011272321,0.0013158106655997946,0.0010024329856163391,258,129,291,284,260,364,129
MFG-00014,6,6,12,0.006042296072507553,0.006042296072507553,0.00023244261455083984,0.006042296072507553,5.41541101606454e-23,0.0008439158508749213,0.0010391379563909253,258,388,540,559,427,337,-130
MFG-00072,4,8,12,0.004028197381671702,0.008056394763343404,0.0007471539686211547,0.004196038939241357,2.070021239836262e-22,0.0008101637373230974,0.00159957173254112,258,287,557,540,439,90,-29
DST-00169,2,10,12,0.002014098690835851,0.010070493454179255,0.001257156122816343,0.007582489189029086,4.240982994064352e-20,0.0006776106470726079,0.0010139844496906063,258,228,518,492,499,354,30
DST-00007,8,4,12,0.008056394763343404,0.004028197381671702,0.0005549037575110424,0.18527768580003381,0.017353088376293405,0.001566604671049218,0.0006633664046310935,258,304,221,336,198,771,-46
DST-00001,7,5,12,0.007049345417925478,0.005035246727089627,0.0022742265268093165,0.20419059826797595,0.041128491567112166,0.0022140421238493546,0.0007218417351201416,258,154,79,173,96,701,104
DST-00011,6,6,12,0.006042296072507553,0.006042296072507553,0.0007233291594136469,0.13756179428002763,0.0027060964577576845,0.0008219659311830033,0.0007841102947672644,258,289,469,469,434,624,-31
MFG-00079,5,7,12,0.005035246727089627,0.007049345417925478,0.0019194977539339236,0.17383941184455276,0.016633886951010007,0.0008100208789758997,0.000898157881296844,258,176,302,339,440,481,82
RET-00006,12,0,12,0.012084592145015106,0.0,0.0,0.19009851569683436,0.052462792031270716,0.001883132838632634,0.000501583283264323,258,479,178,113,147,845,-221
RET-00121,12,0,12,0.012084592145015106,0.0,0.0,0.20342427859212014,0.06239788484902626,0.0016417193612933713,0.000501583283264323,258,479,83,73,182,845,-221
DST-00022,6,6,12,0.006042296072507553,0.006042296072507553,0.0026684933891814007,0.1787436735317587,0.02177043569234384,0.0009720242413083474,0.0009423483123253006,258,132,262,287,385,428,126
RET-00080,12,0,12,0.012084592145015106,0.0,0.0,0.19241037864996444,0.08078631417406923,0.0019264352599805375,0.000501583283264323,258,479,163,41,138,845,-221
DST-00166,6,6,12,0.006042296072507553,0.006042296072507553,4.9042424907350355e-05,0.011189437171310284,1.113563511232676e-20,0.0007506025350602177,0.0006614871070807925,258,452,502,496,471,772,-194
MFG-00003,7,5,12,0.007049345417925478,0.005035246727089627,0.004386367996859141,0.16105457849566907,0.029906048098391962,0.0009249266439636851,0.0014472164282189302,258,85,373,236,400,133,173
MFG-00030,3,9,12,0.0030211480362537764,0.00906344410876133,0.0004851878853229024,0.0030211480362537764,2.246610729490541e-23,0.0005448978499492437,0.0012037372018589645,258,323,566,573,553,230,-65
DST-00132,7,5,12,0.007049345417925478,0.005035246727089627,0.0005811419442148084,0.1879929622298619,0.02680552151287049,0.0012827271023232723,0.0007156070514785678,258,302,197,247,273,706,-44
MFG-00127,4,8,12,0.004028197381671702,0.008056394763343404,0.0019916848910901397,0.15679797022211706,0.01844650156730001,0.0006230192245795072,0.0012810911507786583,258,171,399,326,517,192,87
DST-00079,5,7,12,0.005035246727089627,0.007049345417925478,0.0020814151033280554,0.13099019511530532,0.0012678711569575646,0.001455329250354585,0.00075361700138559,258,163,481,483,222,658,95
WHS-00026,7,5,12,0.007049345417925478,0.005035246727089627,0.0032017282493945207,0.18162904315737577,0.0179242565386731,0.0009689880264509246,0.001777470223125869,258,108,243,329,387,63,150
RET-00138,12,0,12,0.012084592145015106,0.0,0.0,0.19596609950728122,0.04438132341691388,0.002132651009208904,0.000501583283264323,258,479,135,154,103,845,-221
RET-00104,12,0,12,0.012084592145015106,0.0,0.0,0.1930644330745006,0.03786957679177526,0.0016660342232567924,0.000501583283264323,258,479,155,189,180,845,-221
DST-00008,5,7,12,0.005035246727089627,0.007049345417925478,0.0021807030810912947,0.2003048348877996,0.03029468868559416,0.0012962243799046682,0.0008964692488958193,258,160,107,231,269,485,98
MFG-00041,9,3,12,0.00906344410876133,0.0030211480362537764,0.0022664277535300024,0.14835034145588796,0.005343977258467571,0.0013813646437534036,0.0008737531840431055,258,156,437,440,241,517,102
RET-00063,12,0,12,0.012084592145015106,0.0,0.0,0.1889270873123358,0.03046689584087073,0.0018288523191585635,0.000501583283264323,258,479,190,228,153,845,-221
DST-00015,6,6,12,0.006042296072507553,0.006042296072507553,0.0005415028931982145,0.1504017405080551,0.00424477587423508,0.0008847477602682264,0.0008473611090666884,258,307,428,455,419,551,-49
RET-00021,12,0,12,0.012084592145015106,0.0,0.0,0.18876435941628725,0.024263868380816758,0.001982980272976196,0.000501583283264323,258,479,192,263,125,845,-221
MFG-00043,7,5,12,0.007049345417925478,0.005035246727089627,0.0001742001923971274,0.007049345417925478,4.8562109654926554e-23,0.0008682318775530872,0.0007437195825101832,258,413,528,562,423,676,-155
RET-00111,12,0,12,0.012084592145015106,0.0,0.0,0.20748985365046602,0.08759886264674062,0.0031526500933825507,0.000501583283264323,258,479,59,31,26,845,-221
MFG-00132,5,7,12,0.005035246727089627,0.007049345417925478,0.00036397077913773537,0.005035246727089627,3.924210881206188e-23,0.0007108780600684603,0.0009605881679175517,258,356,550,565,484,406,-98
SUP-00018,0,12,12,0.0,0.012084592145015106,0.0,0.0,9.810527203015464e-26,0.00037989094916249586,0.0017300236504955643,258,479,629,629,629,69,-221
WHS-00043,9,3,12,0.00906344410876133,0.0030211480362537764,0.0013684497074244258,0.1849753832382231,0.01786707817511995,0.0012449325846591024,0.000802111265843875,258,218,222,331,285,605,40
RET-00055,12,0,12,0.012084592145015106,0.0,0.0,0.18192507050043788,0.05468175538678785,0.0018470927103715353,0.000501583283264323,258,479,241,108,151,845,-221
DST-00105,8,4,12,0.008056394763343404,0.004028197381671702,0.008741554093112234,0.20336340045635745,0.06150888027408001,0.0019774052492551298,0.0008417824343218033,258,33,84,79,128,560,225
DST-00003,6,6,12,0.006042296072507553,0.006042296072507553,0.00038572603192556633,0.15948024243999293,0.011311713568831127,0.0013222426744342642,0.000874776825225343,258,346,384,374,257,516,-88
WHS-00032,6,5,11,0.006042296072507553,0.005035246727089627,0.0026744036768451052,0.17776985891159117,0.06358020833728177,0.0010429190438744223,0.0009120212633208159,307,130,271,71,357,462,177
MFG-00109,6,5,11,0.006042296072507553,0.005035246727089627,0.0015758390776370538,0.14273690990036111,0.0069188700392281335,0.0008988828395696798,0.001047694464308122,307,197,456,422,411,330,110
DST-00164,5,6,11,0.005035246727089627,0.006042296072507553,0.0029995706534076878,0.1864551863041289,0.024764310606353184,0.0010684550835928402,0.00075446177743719,307,114,211,259,348,653,193
MFG-00081,7,4,11,0.007049345417925478,0.004028197381671702,0.0012400753285660236,0.15033244691648262,0.0038597074822259913,0.0007068714906666713,0.0009666990418574087,307,229,430,457,485,395,78
RET-00057,11,0,11,0.01107754279959718,0.0,0.0,0.20101158367164615,0.057110930920177244,0.0019015442986690023,0.000501583283264323,307,479,101,100,143,845,-172
RET-00013,11,0,11,0.01107754279959718,0.0,0.0,0.21481817201247252,0.09468124028109728,0.0022110200923684395,0.000501583283264323,307,479,34,23,97,845,-172
RET-00001,11,0,11,0.01107754279959718,0.0,0.0,0.17895592251926942,0.05891814508357929,0.0019025900672675487,0.000501583283264323,307,479,260,94,142,845,-172
SUP-00120,1,10,11,0.0010070493454179255,0.010070493454179255,0.00013787258568639165,0.0010070493454179255,9.418106114894844e-24,0.0004877100278222693,0.0013798640318694296,307,423,589,591,574,151,-116
MFG-00078,3,8,11,0.0030211480362537764,0.008056394763343404,0.0005562413210503458,0.0030211480362537764,2.6194107632051285e-23,0.0005758556252460712,0.0012806449279290043,307,303,566,571,543,193,4
WHS-00083,8,3,11,0.008056394763343404,0.0030211480362537764,0.0011451756457522878,0.16596977417712389,0.032258558399447634,0.001168122075491426,0.00107545914077759,307,246,346,220,310,306,61
RET-00019,11,0,11,0.01107754279959718,0.0,0.0,0.18951781823867886,0.03420688057558424,0.0016746178516734984,0.000501583283264323,307,479,186,206,178,845,-172
RET-00058,11,0,11,0.01107754279959718,0.0,0.0,0.19432292715676402,0.036240192424363056,0.0019188344659185823,0.000501583283264323,307,479,145,197,140,845,-172
DST-00037,5,6,11,0.005035246727089627,0.006042296072507553,0.001137653537035521,0.17481734585171474,0.026602776072694748,0.000994663091909296,0.0007962219687317593,307,247,294,248,374,610,60
MFG-00075,8,3,11,0.008056394763343404,0.0030211480362537764,0.0002280080116730145,0.14645268224067573,0.013268313414728589,0.0010245194300294994,0.0008006955483980821,307,389,447,362,365,606,-82
DST-00197,6,5,11,0.006042296072507553,0.005035246727089627,0.001643761600293507,0.1781581086717038,0.030969620109435884,0.0015775399735967503,0.0007414100095960948,307,193,267,226,195,679,114
DST-00058,5,6,11,0.005035246727089627,0.006042296072507553,0.0019468468898469094,0.1624578421868188,0.021778080029525543,0.0010435607843170774,0.0008911015926003968,307,175,364,286,355,492,132
DST-00138,3,8,11,0.0030211480362537764,0.008056394763343404,0.001039589024888409,0.1502978240590629,0.005141345358173613,0.000988969358117037,0.0008663292741309106,307,253,431,446,377,526,54
MFG-00150,4,7,11,0.004028197381671702,0.007049345417925478,0.0007283349514792775,0.004934541792547834,6.245381617439642e-22,0.0006277723000412594,0.0012289202838752973,307,288,553,519,514,216,19
RET-00049,11,0,11,0.01107754279959718,0.0,0.0,0.22262046135576327,0.0685761710295435,0.0018943578742077337,0.000501583283264323,307,479,16,62,144,845,-172
MFG-00013,7,4,11,0.007049345417925478,0.004028197381671702,0.0007735788365375596,0.007415545179895634,6.748661662954335e-22,0.0009638225580204426,0.001086993692279775,307,282,520,517,390,293,25
SUP-00245,0,11,11,0.0,0.01107754279959718,0.0,0.0,9.810527203015464e-26,0.00037989094916249586,0.0015225190710720438,307,479,629,629,629,112,-172
RET-00092,11,0,11,0.01107754279959718,0.0,0.0,0.20024962000609717,0.059543762654617596,0.0015826073557807022,0.000501583283264323,307,479,108,92,194,845,-172
DST-00087,6,5,11,0.006042296072507553,0.005035246727089627,0.0013321292605068774,0.187742563885055,0.046545092463396456,0.0018196911312218897,0.0009657834581224482,307,222,201,141,154,396,85
RET-00037,11,0,11,0.01107754279959718,0.0,0.0,0.19302514622515363,0.040211089801659515,0.002272695552288776,0.000501583283264323,307,479,156,182,86,845,-172
DST-00191,5,6,11,0.005035246727089627,0.006042296072507553,0.002026346979261302,0.19626861716224095,0.036094481138496046,0.0012676970995969224,0.000782500177762049,307,167,131,199,281,627,140
RET-00047,11,0,11,0.01107754279959718,0.0,0.0,0.1960071366270408,0.048594441136970395,0.002033614858595855,0.000501583283264323,307,479,134,130,117,845,-172
MFG-00140,0,11,11,0.0,0.01107754279959718,0.0,0.0,9.810527203015464e-26,0.00037989094916249586,0.0012761258928712998,307,479,629,629,629,194,-172
DST-00187,4,7,11,0.004028197381671702,0.007049345417925478,0.001152103410965543,0.14734548477409146,0.008859542627888845,0.0009908053767713836,0.000905186830452337,307,243,445,406,375,468,64
WHS-00098,10,1,11,0.010070493454179255,0.0010070493454179255,0.00781792139717209,0.18959708078572082,0.03661496326739469,0.0020790085702329605,0.0007359321853410998,307,39,183,195,113,685,268
DST-00093,6,5,11,0.006042296072507553,0.005035246727089627,0.00599208944759277,0.19859803775546292,0.044421164419968275,0.001132055683156604,0.0007438823466051178,307,60,121,153,325,673,247
DST-00028,4,7,11,0.004028197381671702,0.007049345417925478,0.0010597894378151472,0.18326120529751508,0.03886475432059794,0.001470960474210297,0.00085440576329911,307,252,232,187,217,541,55
WHS-00035,9,2,11,0.00906344410876133,0.002014098690835851,0.0012024244529782015,0.18362215871256363,0.03615006323749788,0.0017502706566826923,0.0006899061912587555,307,236,230,198,163,740,71
DST-00144,5,6,11,0.005035246727089627,0.006042296072507553,0.0023826603470536536,0.1557873363725116,0.009271698055611746,0.0011437248380932645,0.0009259527212137114,307,147,402,400,319,450,160
RET-00032,11,0,11,0.01107754279959718,0.0,0.0,0.20624700774272364,0.06139967007208208,0.002261763886550767,0.000501583283264323,307,479,68,81,89,845,-172
MFG-00124,3,8,11,0.0030211480362537764,0.008056394763343404,8.02703284789659e-05,0.0030211480362537764,1.68741067891866e-23,0.00048053321608485406,0.0015356863313001107,307,442,566,577,580,107,-135
DST-00076,3,8,11,0.0030211480362537764,0.008056394763343404,0.0007127005899295214,0.13245243597817155,0.001273850668907852,0.0006619395194966803,0.0008885444504128346,307,291,475,482,502,496,16
DST-00199,4,7,11,0.004028197381671702,0.007049345417925478,0.0007628796866230086,0.14186807653575023,0.006658559000589032,0.0009408146558675067,0.0009036531354107806,307,285,459,425,396,470,22
MFG-00145,7,4,11,0.007049345417925478,0.004028197381671702,0.0008103668128783578,0.007415545179895634,5.537061553381926e-22,0.0008246722379221241,0.000883432133033644,307,278,520,521,433,507,29
SUP-00162,3,7,10,0.0030211480362537764,0.007049345417925478,0.0015034678231491407,0.0030211480362537764,2.992210796919717e-23,0.0012065038855540923,0.0013283474990216115,345,203,566,567,298,171,142
DST-00070,1,9,10,0.0010070493454179255,0.00906344410876133,0.00018624121251343542,0.14848535883150196,0.00471085150228445,0.0005295980847707102,0.0007515395298579048,345,406,436,450,559,662,-61
RET-00087,10,0,10,0.010070493454179255,0.0,0.0,0.187239699072673,0.04609102202033748,0.0016919122729897808,0.000501583283264323,345,479,207,144,176,845,-134
DST-00176,6,4,10,0.006042296072507553,0.004028197381671702,0.0012127699722594368,0.19799549516518541,0.0395859514844558,0.0015958828740601165,0.0007987486076688199,345,233,123,183,188,609,112
SUP-00284,1,9,10,0.0010070493454179255,0.00906344410876133,4.5877969112790276e-05,0.0010070493454179255,5.690105777748969e-24,0.00045453492669618516,0.00165536529578466,345,455,589,605,593,79,-110
DST-00077,5,5,10,0.005035246727089627,0.005035246727089627,0.00035649588615492675,0.16680660595612426,0.017851624823576787,0.0016937591492868537,0.0007438781414011498,345,358,343,332,174,674,-13
SUP-00163,0,10,10,0.0,0.010070493454179255,0.0,0.0,9.810527203015464e-26,0.00037989094916249586,0.0019356573538906172,345,479,629,629,629,40,-134
RET-00119,10,0,10,0.010070493454179255,0.0,0.0,0.21484909969127072,0.07312796754036757,0.001379960582461869,0.000501583283264323,345,479,33,57,242,845,-134
DST-00061,6,4,10,0.006042296072507553,0.004028197381671702,0.004728697372255479,0.18295294422889014,0.017829667618459614,0.0018749419987374263,0.0006890997363861152,345,78,233,333,149,741,267
MFG-00066,5,5,10,0.005035246727089627,0.005035246727089627,0.001987582962171934,0.14764550951684413,0.007125303011290094,0.0007978639855687646,0.0010614715197686403,345,173,441,419,451,321,172
WHS-00015,0,10,10,0.0,0.010070493454179255,0.0,0.0,9.810527203015464e-26,0.00037989094916249586,0.001319250063708823,345,479,629,629,629,175,-134
MFG-00088,4,6,10,0.004028197381671702,0.006042296072507553,0.0009902908161708258,0.004531722054380665,4.344101445495249e-22,0.0006504314716955684,0.0009104746056361045,345,260,554,524,508,463,85
SUP-00161,0,10,10,0.0,0.010070493454179255,0.0,0.0,9.810527203015464e-26,0.00037989094916249586,0.0014444441514104927,345,479,629,629,629,134,-134
DST-00059,4,6,10,0.004028197381671702,0.006042296072507553,0.0010200491317941093,0.1693727360665588,0.005226108654908606,0.000637318489900364,0.0008996092817067896,345,256,330,445,511,475,89
MFG-00067,4,6,10,0.004028197381671702,0.006042296072507553,0.00021496180261875017,0.004531722054380665,7.046901689926007e-22,0.00068514568800588,0.001062809709090204,345,394,554,515,497,318,-49
DST-00094,6,4,10,0.006042296072507553,0.004028197381671702,0.0007705552285174767,0.17481734585171474,0.008628558157712405,0.0011328137421808056,0.0006744692198569807,345,283,294,408,323,762,62
DST-00101,7,3,10,0.007049345417925478,0.0030211480362537764,0.0020073697323073217,0.175098779732882,0.023903040249689977,0.0017345424562422846,0.0006861863577431668,345,169,287,264,166,746,176
RET-00004,10,0,10,0.010070493454179255,0.0,0.0,0.17579311867564934,0.018683327955445497,0.001186043776918686,0.000501583283264323,345,479,283,325,304,845,-134
DST-00044,4,6,10,0.004028197381671702,0.006042296072507553,0.0029182381097939457,0.16941670614341928,0.019884650493005897,0.001297677565591982,0.0008290458263325153,345,119,328,311,268,571,226
DST-00195,5,5,10,0.005035246727089627,0.005035246727089627,0.0006059407697660527,0.1706125887750199,0.02468638931219202,0.0019209845151302325,0.0006762174202287613,345,299,321,261,139,761,46
RET-00002,10,0,10,0.010070493454179255,0.0,0.0,0.21372607270823896,0.0973083996264698,0.001697590983766361,0.000501583283264323,345,479,37,20,173,845,-134
DST-00074,3,7,10,0.0030211480362537764,0.007049345417925478,0.0002716327926866546,0.15526841590874402,0.006550215956342498,0.0007827932145064154,0.0007357967222335721,345,378,408,426,459,686,-33
RET-00035,10,0,10,0.010070493454179255,0.0,0.0,0.17431755161028015,0.019356572264242863,0.0013167499980233028,0.000501583283264323,345,479,297,319,259,845,-134
DST-00013,4,6,10,0.004028197381671702,0.006042296072507553,0.0029698319611897446,0.2011072887717877,0.03284356804412074,0.0014503641277149946,0.0007158662980984638,345,115,100,216,223,704,230
SUP-00188,3,7,10,0.0030211480362537764,0.007049345417925478,0.0006284557980008586,0.0030211480362537764,2.0602107126332474e-23,0.0009626273981093666,0.0009554626092774796,345,297,566,575,391,412,48
MFG-00105,6,4,10,0.006042296072507553,0.004028197381671702,0.0003596736359955478,0.006445115810674723,7.867061764098098e-22,0.0009075517739779292,0.0008118575018544456,345,357,532,512,408,592,-12
MFG-00085,3,7,10,0.0030211480362537764,0.007049345417925478,0.00019315687034817007,0.0030211480362537764,2.246610729490541e-23,0.0005577924289511221,0.0008989466226983545,345,404,566,573,548,479,-59
DST-00178,3,7,10,0.0030211480362537764,0.007049345417925478,0.00037938303528985487,0.13805651619726067,0.002404482072234227,0.0006563642006971958,0.00101609752031307,345,349,468,474,505,353,-4
SUP-00259,0,10,10,0.0,0.010070493454179255,0.0,0.0,9.810527203015464e-26,0.00037989094916249586,0.0015503149951055868,345,479,629,629,629,102,-134
DST-00145,3,7,10,0.0030211480362537764,0.007049345417925478,0.0009433709186754687,0.12930318051603945,0.0007080071345202547,0.0006853748669940676,0.0008989953478298004,345,265,485,486,496,478,80
MFG-00149,6,4,10,0.006042296072507553,0.004028197381671702,0.000539141669175355,0.17463022533167008,0.020792358688762513,0.0008217680365308175,0.0007431215948924237,345,310,296,296,435,678,35
MFG-00129,7,3,10,0.007049345417925478,0.0030211480362537764,0.0016631750730934298,0.16002774695057653,0.04485907214758794,0.000890573502324445,0.000878722501332778,345,191,380,149,415,512,154
DST-00173,3,7,10,0.0030211480362537764,0.007049345417925478,0.00156843337765112,0.19031587986714818,0.0212475665044587,0.0009752032272594619,0.0007543816797090275,345,198,176,290,384,654,147
DST-00181,2,8,10,0.002014098690835851,0.008056394763343404,0.002439369908546096,0.16392694098579533,0.010644277146513108,0.0005806444002992855,0.0009581031397449989,345,145,358,382,541,411,200
DST-00092,5,5,10,0.005035246727089627,0.005035246727089627,0.0003641043005837157,0.17047887984964763,0.0109178885978344,0.0012056724405425877,0.0006789693508731098,345,354,322,379,299,756,-9
RET-00132,10,0,10,0.010070493454179255,0.0,0.0,0.19806706283981818,0.06213937032097392,0.0020628915560593,0.000501583283264323,345,479,122,75,114,845,-134
DST-00118,7,3,10,0.007049345417925478,0.0030211480362537764,0.0029108723211421065,0.1853957818364918,0.02455529023374151,0.0013908075199902592,0.0006837220075199683,345,120,219,262,238,748,225
WHS-00075,2,8,10,0.002014098690835851,0.008056394763343404,0.0032249540649908356,0.15530536698344863,0.013793508776952505,0.0004748789138851093,0.0010860646038917297,345,106,407,357,584,295,239
SUP-00041,0,10,10,0.0,0.010070493454179255,0.0,0.0,9.810527203015464e-26,0.00037989094916249586,0.0014853368393038168,345,479,629,629,629,120,-134
DST-00170,2,8,10,0.002014098690835851,0.008056394763343404,0.0018770453066746166,0.1583195419855534,0.0047335922520964704,0.0006156613202415594,0.001104090357003652,345,179,389,449,523,283,166
MFG-00091,4,6,10,0.004028197381671702,0.006042296072507553,0.00038255944904795234,0.004028197381671702,2.805810780062422e-23,0.000670777838463343,0.0013253247638666385,345,347,558,569,501,174,-2
WHS-00024,6,4,10,0.006042296072507553,0.004028197381671702,0.0018877966961361615,0.15567584734361908,0.007265428150085245,0.0008310179580569316,0.0008335630220828126,345,178,403,418,430,565,167
DST-00085,5,5,10,0.005035246727089627,0.005035246727089627,0.0026372989840841724,0.16750337578656344,0.013412013504099629,0.0019672194823244734,0.0007883404762051452,345,135,339,360,131,620,210
MFG-00113,5,5,10,0.005035246727089627,0.005035246727089627,0.0010789083699843944,0.005179110919292188,1.9954612330933461e-22,0.0006605490937100157,0.001134829455081276,345,251,546,542,503,262,94
DST-00133,3,7,10,0.0030211480362537764,0.007049345417925478,0.00076859709046415,0.1561974992973794,0.013156262716200025,0.0006891905894234787,0.0009819595255320763,345,284,400,363,491,380,61
DST-00198,8,2,10,0.008056394763343404,0.002014098690835851,0.0010259961212882125,0.18965218019891053,0.05586907739102097,0.00281344437930939,0.0006033067506580332,345,254,182,106,42,819,91
MFG-00133,5,5,10,0.005035246727089627,0.005035246727089627,0.0002659836537047579,0.005035246727089627,2.4330107463478352e-23,0.000611261273188911,0.0010004795508309506,345,379,550,572,526,367,-34
RET-00129,10,0,10,0.010070493454179255,0.0,0.0,0.20001216198660524,0.04169423230184143,0.0011845288549371064,0.000501583283264323,345,479,111,170,306,845,-134
WHS-00047,4,6,10,0.004028197381671702,0.006042296072507553,0.0017328496782875978,0.14444292874379175,0.004749006806256477,0.0006885380450220766,0.0011970979904717411,345,188,453,448,493,235,157
SUP-00072,0,10,10,0.0,0.010070493454179255,0.0,0.0,9.810527203015464e-26,0.00037989094916249586,0.00168620973789558,345,479,629,629,629,75,-134
SUP-00107,0,10,10,0.0,0.010070493454179255,0.0,0.0,9.810527203015464e-26,0.00037989094916249586,0.001800774039130854,345,479,629,629,629,60,-134
SUP-00088,0,10,10,0.0,0.010070493454179255,0.0,0.0,9.810527203015464e-26,0.00037989094916249586,0.0018978801215854156,345,479,629,629,629,46,-134
RET-00137,10,0,10,0.010070493454179255,0.0,0.0,0.2068992753193926,0.060980885836323176,0.0012933494508616337,0.000501583283264323,345,479,64,84,270,845,-134
RET-00098,9,0,9,0.00906344410876133,0.0,0.0,0.21149302778267612,0.04225457716652871,0.0014411909419695243,0.000501583283264323,398,479,44,165,226,845,-81
DST-00126,5,4,9,0.005035246727089627,0.004028197381671702,0.0013948048098975008,0.17495794961513436,0.010545749992271985,0.0012278561773343705,0.0006992282749705956,398,215,291,386,294,726,183
DST-00067,0,9,9,0.0,0.00906344410876133,0.0,0.0,9.810527203015464e-26,0.00037989094916249586,0.0008119895791569248,398,479,629,629,629,591,-81
SUP-00262,1,8,9,0.0010070493454179255,0.008056394763343404,0.00012113561132601676,0.0010070493454179255,9.418106114894844e-24,0.0004420942637739036,0.0011224027389034991,398,429,589,591,606,275,-31
MFG-00122,6,3,9,0.006042296072507553,0.0030211480362537764,0.0001506476146736655,0.006168177240684794,2.14458124657918e-22,0.0007690302983584946,0.0009831206775442608,398,418,537,538,467,379,-20
SUP-00005,0,9,9,0.0,0.00906344410876133,0.0,0.0,9.810527203015464e-26,0.00037989094916249586,0.0022600873311153847,398,479,629,629,629,25,-81
MFG-00093,3,6,9,0.0030211480362537764,0.006042296072507553,0.0005134582343425887,0.004028197381671702,6.8977816764401715e-22,0.000605862186754569,0.0013050666365753995,398,312,558,516,527,182,86
DST-00075,3,6,9,0.0030211480362537764,0.006042296072507553,0.0004552367157212848,0.1677905895254987,0.02553162258014808,0.0005884135458368059,0.0006724942259619603,398,336,337,257,535,765,62
RET-00108,9,0,9,0.00906344410876133,0.0,0.0,0.19357729609034197,0.03682661262307114,0.001587703619020216,0.000501583283264323,398,479,151,194,191,845,-81
RET-00148,9,0,9,0.00906344410876133,0.0,0.0,0.21400572736667303,0.05528480150277722,0.0012359483368031643,0.000501583283264323,398,479,36,107,291,845,-81
DST-00049,3,6,9,0.0030211480362537764,0.006042296072507553,0.0003793540802524408,0.16053952080306302,0.010401309142120618,0.0008882709696936384,0.0006562696038505201,398,350,378,387,416,782,48
DST-00125,2,7,9,0.002014098690835851,0.007049345417925478,0.0003292541503106781,0.16343429803767873,0.009804558937293133,0.0007476581531301741,0.0007934479910409241,398,368,361,396,474,613,30
RET-00030,9,0,9,0.00906344410876133,0.0,0.0,0.20180057208315794,0.0866463848388284,0.0014689447972825536,0.000501583283264323,398,479,95,33,218,845,-81
MFG-00119,4,5,9,0.004028197381671702,0.005035246727089627,0.0002923522302607792,0.004028197381671702,2.805810780062423e-23,0.0006166091186559087,0.0010492174220881438,398,376,558,568,521,328,22
DST-00040,0,9,9,0.0,0.00906344410876133,0.0,0.0,9.810527203015464e-26,0.00037989094916249586,0.0009409222319889351,398,479,629,629,629,430,-81
RET-00031,9,0,9,0.00906344410876133,0.0,0.0,0.21149302778267612,0.06005298017507633,0.002298396009865702,0.000501583283264323,398,479,44,88,82,845,-81
SUP-00045,0,9,9,0.0,0.00906344410876133,0.0,0.0,9.810527203015464e-26,0.00037989094916249586,0.0018308466199300222,398,479,629,629,629,57,-81
DST-00114,3,6,9,0.0030211480362537764,0.006042296072507553,0.0019644598085404833,0.16994613335011746,0.010398898856569203,0.000774278936402095,0.0009742422076156926,398,174,324,388,464,388,224
DST-00161,1,8,9,0.0010070493454179255,0.008056394763343404,0.00018243763476641248,0.0025176233635448137,7.96310682541562e-21,0.0004951755314967286,0.0009135481373976897,398,408,574,498,572,460,-10
DST-00020,2,7,9,0.002014098690835851,0.007049345417925478,0.002337535053229491,0.15789817373928167,0.020203115926508825,0.0020862760575110655,0.0009815040060712028,398,150,392,306,110,381,248
DST-00062,3,6,9,0.0030211480362537764,0.006042296072507553,0.0002126680754959226,0.1571377683757407,0.017504981369825184,0.0007706618681488126,0.0007067673157789822,398,399,396,335,466,717,-1
DST-00185,3,6,9,0.0030211480362537764,0.006042296072507553,0.0004571220339283261,0.1664778449144008,0.007023986551569748,0.0006328982467443478,0.0007229381358822059,398,334,344,420,513,700,64
RET-00018,9,0,9,0.00906344410876133,0.0,0.0,0.20675910439914205,0.0662614407773773,0.0012753357146871019,0.000501583283264323,398,479,66,64,279,845,-81
SUP-00174,0,9,9,0.0,0.00906344410876133,0.0,0.0,9.810527203015464e-26,0.00037989094916249586,0.0012502104786845049,398,479,629,629,629,207,-81
SUP-00194,0,9,9,0.0,0.00906344410876133,0.0,0.0,9.810527203015464e-26,0.00037989094916249586,0.0018741284210580338,398,479,629,629,629,48,-81
SUP-00070,0,9,9,0.0,0.00906344410876133,0.0,0.0,9.810527203015464e-26,0.00037989094916249586,0.0012081022848684077,398,479,629,629,629,226,-81
SUP-00017,0,9,9,0.0,0.00906344410876133,0.0,0.0,9.810527203015464e-26,0.00037989094916249586,0.0015744208338272102,398,479,629,629,629,97,-81
DST-00066,2,7,9,0.002014098690835851,0.007049345417925478,0.001443174655317883,0.1742571834618027,0.012475415213257507,0.0005345437755933445,0.0009648469169071998,398,211,300,365,558,399,187
DST-00103,5,4,9,0.005035246727089627,0.004028197381671702,0.00016616570048557676,0.15060209681397776,0.009993404721920271,0.0009457440149624327,0.0007395862461056619,398,415,427,393,394,680,-17
SUP-00029,1,8,9,0.0010070493454179255,0.008056394763343404,4.6378551153914183e-05,0.0010070493454179255,9.418106114894844e-24,0.0005042975783853113,0.001250081669377875,398,453,589,591,567,208,-55
RET-00102,9,0,9,0.00906344410876133,0.0,0.0,0.1979595167986956,0.06104763711960856,0.002305663813378851,0.000501583283264323,398,479,124,83,81,845,-81
SUP-00113,0,9,9,0.0,0.00906344410876133,0.0,0.0,9.810527203015464e-26,0.00037989094916249586,0.0013283399689054398,398,479,629,629,629,172,-81
RET-00022,9,0,9,0.00906344410876133,0.0,0.0,0.1972905634981663,0.04928561609663084,0.0015051915239410764,0.000501583283264323,398,479,129,125,211,845,-81
DST-00035,3,6,9,0.0030211480362537764,0.006042296072507553,0.0009670875126411135,0.16261977375142064,0.010594482152412129,0.0006904062732817813,0.0010433130309202908,398,263,362,384,490,333,135
SUP-00166,0,9,9,0.0,0.00906344410876133,0.0,0.0,9.810527203015464e-26,0.00037989094916249586,0.0014365745250567773,398,479,629,629,629,135,-81
RET-00131,9,0,9,0.00906344410876133,0.0,0.0,0.2025447434076833,0.04461654608088591,0.0016219290122254106,0.000501583283264323,398,479,88,150,185,845,-81
MFG-00015,5,4,9,0.005035246727089627,0.004028197381671702,0.00018155542751949693,0.006274692075296306,1.4446982359160568e-21,0.0007504251792224581,0.0016878772492958385,398,411,536,505,473,74,-13
SUP-00082,0,9,9,0.0,0.00906344410876133,0.0,0.0,9.810527203015464e-26,0.00037989094916249586,0.0012645153203944997,398,479,629,629,629,199,-81
DST-00146,4,5,9,0.004028197381671702,0.005035246727089627,0.0027935862386217914,0.18218680962156647,0.04746222194177215,0.0019911242949360135,0.0007629823209468417,398,125,237,137,123,646,273
RET-00147,9,0,9,0.00906344410876133,0.0,0.0,0.2112416882660379,0.061078236195600856,0.001739362356997287,0.000501583283264323,398,479,47,82,164,845,-81
DST-00024,4,5,9,0.004028197381671702,0.005035246727089627,0.00030621565445074754,0.15987671274680337,0.00892854665886839,0.000833777116203704,0.0007527129458036138,398,373,381,405,429,659,25
RET-00123,9,0,9,0.00906344410876133,0.0,0.0,0.20714122994547216,0.08014442522831214,0.001586166208166076,0.000501583283264323,398,479,61,42,193,845,-81
SUP-00228,0,9,9,0.0,0.00906344410876133,0.0,0.0,9.810527203015464e-26,0.00037989094916249586,0.001373181498876145,398,479,629,629,629,156,-81
DST-00063,4,5,9,0.004028197381671702,0.005035246727089627,0.000947720698159081,0.1949785336314464,0.028805636755137535,0.0010610644793705277,0.0006812598961038136,398,264,141,240,351,753,134
RET-00109,9,0,9,0.00906344410876133,0.0,0.0,0.20088225011839964,0.08131809185310827,0.0026020884644112384,0.000501583283264323,398,479,102,40,60,845,-81
DST-00135,1,8,9,0.0010070493454179255,0.008056394763343404,0.00012319552935484917,0.006545820745216516,4.332034497035537e-21,0.0004963543280700469,0.0010839251033600283,398,428,531,501,571,300,-30
SUP-00167,1,8,9,0.0010070493454179255,0.008056394763343404,0.00018491584512286114,0.0010070493454179255,5.690105777748969e-24,0.000501187412654741,0.0009388317386016328,398,407,589,605,569,435,-9
RET-00069,9,0,9,0.00906344410876133,0.0,0.0,0.20367698110375113,0.045406582751504894,0.0015720102125681477,0.000501583283264323,398,479,81,147,196,845,-81
SUP-00215,0,9,9,0.0,0.00906344410876133,0.0,0.0,9.810527203015464e-26,0.00037989094916249586,0.0012089797324929736,398,479,629,629,629,225,-81
SUP-00211,1,8,9,0.0010070493454179255,0.008056394763343404,0.0004974336484423222,0.0010070493454179255,5.690105777748969e-24,0.0004877100278222693,0.001089953990748369,398,316,589,605,574,290,82
DST-00182,3,6,9,0.0030211480362537764,0.006042296072507553,0.00036475443547814195,0.1504017405080551,0.005298605060633142,0.0012996319106663992,0.00064027640948075,398,353,428,442,267,794,45
DST-00140,5,4,9,0.005035246727089627,0.004028197381671702,0.0004600779499320965,0.19202098871732298,0.03784157212491414,0.0011966538997155828,0.0006178895700014683,398,333,165,190,301,810,65
SUP-00187,0,9,9,0.0,0.00906344410876133,0.0,0.0,9.810527203015464e-26,0.00037989094916249586,0.001698444424537113,398,479,629,629,629,72,-81
DST-00051,1,8,9,0.0010070493454179255,0.008056394763343404,0.0003804986676873619,0.14573317375266884,0.001697910349694032,0.0003914547595828431,0.000944841175496186,398,348,451,477,628,425,50
LOG-00036,0,9,9,0.0,0.00906344410876133,0.0,0.0,9.810527203015464e-26,0.00037989094916249586,0.0013056282394019408,398,479,629,629,629,181,-81
RET-00107,9,0,9,0.00906344410876133,0.0,0.0,0.21559496356149857,0.05991534510971411,0.001421364287293695,0.000501583283264323,398,479,31,89,230,845,-81
SUP-00233,0,9,9,0.0,0.00906344410876133,0.0,0.0,9.810527203015464e-26,0.00037989094916249586,0.0015025387857442987,398,479,629,629,629,117,-81
WHS-00062,7,2,9,0.007049345417925478,0.002014098690835851,0.0017766512704652721,0.16065808765742273,0.007574176535006571,0.0008170227758564708,0.0006169092504912931,398,184,377,417,437,811,214
SUP-00039,0,9,9,0.0,0.00906344410876133,0.0,0.0,9.810527203015464e-26,0.00037989094916249586,0.0015996523020848689,398,479,629,629,629,89,-81
MFG-00045,4,5,9,0.004028197381671702,0.005035246727089627,0.0007791820715501088,0.15074916887605708,0.00596021179887185,0.0012770133724240673,0.0010675962079997239,398,281,425,434,276,312,117
DST-00068,3,6,9,0.0030211480362537764,0.006042296072507553,0.003170342032613579,0.18954201337916093,0.022798553846316853,0.0007397044119562166,0.0008552963201759539,398,111,185,277,477,539,287
MFG-00142,2,7,9,0.002014098690835851,0.007049345417925478,0.00010859271696980416,0.002014098690835851,1.1282106283467784e-23,0.00044920321401520737,0.0010067129884135796,398,433,577,586,597,362,-35
MFG-00051,3,6,9,0.0030211480362537764,0.006042296072507553,0.00013139180525636903,0.0032225579053373615,4.474581457295352e-22,0.0006507896243856507,0.0012209731679828618,398,426,562,523,507,221,-28
DST-00056,3,6,9,0.0030211480362537764,0.006042296072507553,0.00037615713463594157,0.16703177682734865,0.01353562867952405,0.0007768393956244363,0.0007036856793020991,398,351,341,358,462,720,47
MFG-00080,6,3,9,0.006042296072507553,0.0030211480362537764,0.00017649355337232263,0.006042296072507553,5.229010999207242e-23,0.0008016324074574424,0.0007483497792323242,398,412,540,560,447,664,-14
WHS-00031,5,4,9,0.005035246727089627,0.004028197381671702,0.001009370098349421,0.12024933703048665,0.0004753976563509942,0.0006750790060721914,0.0011287142008269673,398,257,489,489,500,272,141
DST-00183,1,8,9,0.0010070493454179255,0.008056394763343404,5.6028221190912455e-05,0.006367150700061722,1.5473163504595983e-20,0.00045267050220313695,0.0007060444001010207,398,450,534,494,595,719,-52
RET-00140,9,0,9,0.00906344410876133,0.0,0.0,0.20709576086100648,0.06580157229907536,0.0016033246067206125,0.000501583283264323,398,479,62,66,187,845,-81
SUP-00103,0,8,8,0.0,0.008056394763343404,0.0,0.0,9.810527203015464e-26,0.00037989094916249586,0.0015716186166190845,466,479,629,629,629,98,-13
RET-00143,8,0,8,0.008056394763343404,0.0,0.0,0.1910118273167648,0.04982596194129093,0.0013215649714120126,0.000501583283264323,466,479,171,123,258,845,-13
WHS-00001,4,4,8,0.004028197381671702,0.004028197381671702,0.0009389003971852538,0.12760914197584106,0.0021056750179599616,0.0008294281259057488,0.0006944512585120397,466,266,486,476,431,735,200
RET-00065,8,0,8,0.008056394763343404,0.0,0.0,0.18883958512930565,0.0360236234104847,0.0017348074819127466,0.000501583283264323,466,479,191,200,165,845,-13
SUP-00059,0,8,8,0.0,0.008056394763343404,0.0,0.0,9.810527203015464e-26,0.00037989094916249586,0.0015774920445375596,466,479,629,629,629,96,-13
DST-00055,2,6,8,0.002014098690835851,0.006042296072507553,0.00021383901144790253,0.15537932192010742,0.0055487842518343634,0.0006012884520235683,0.0007703090914451282,466,397,406,435,530,639,69
DST-00078,4,4,8,0.004028197381671702,0.004028197381671702,0.0005539895468991791,0.13397519032322955,0.006167460784670709,0.0009867711851918172,0.0008794897198826355,466,305,472,432,380,511,161
DST-00009,3,5,8,0.0030211480362537764,0.005035246727089627,0.0003186014417837077,0.16487952300769357,0.010276593068135883,0.0012040131990578306,0.0006568282140571975,466,370,354,392,300,779,96
SUP-00133,0,8,8,0.0,0.008056394763343404,0.0,0.0,9.810527203015464e-26,0.00037989094916249586,0.0015804265226950266,466,479,629,629,629,94,-13
RET-00110,8,0,8,0.008056394763343404,0.0,0.0,0.20701078836490194,0.07720666819551454,0.0013978491771424947,0.000501583283264323,466,479,63,48,236,845,-13
RET-00053,8,0,8,0.008056394763343404,0.0,0.0,0.17132703217191184,0.03187514896352885,0.0021438354734881282,0.000501583283264323,466,479,314,222,102,845,-13
SUP-00102,0,8,8,0.0,0.008056394763343404,0.0,0.0,9.810527203015464e-26,0.00037989094916249586,0.0012470266527998483,466,479,629,629,629,210,-13
DST-00159,4,4,8,0.004028197381671702,0.004028197381671702,0.00042916299368944157,0.18774022382836336,0.01973979483954013,0.0011269044092286266,0.000653204386229275,466,338,202,314,327,787,128
WHS-00010,3,5,8,0.0030211480362537764,0.005035246727089627,0.0014503318619151894,0.15293957161107363,0.009644242763504911,0.0006274818423468989,0.0009032213996620379,466,209,417,399,515,471,257
SUP-00127,0,8,8,0.0,0.008056394763343404,0.0,0.0,9.810527203015464e-26,0.00037989094916249586,0.0017088739507308908,466,479,629,629,629,70,-13
SUP-00229,1,7,8,0.0010070493454179255,0.007049345417925478,0.00021394522942834825,0.0010070493454179255,5.690105777748969e-24,0.00047692811995629197,0.001135924679895873,466,396,589,605,582,261,70
SUP-00197,0,8,8,0.0,0.008056394763343404,0.0,0.0,9.810527203015464e-26,0.00037989094916249586,0.0018694974773183586,466,479,629,629,629,50,-13
SUP-00067,0,8,8,0.0,0.008056394763343404,0.0,0.0,9.810527203015464e-26,0.00037989094916249586,0.000935639091493306,466,479,629,629,629,440,-13
SUP-00139,0,8,8,0.0,0.008056394763343404,0.0,0.0,9.810527203015464e-26,0.00037989094916249586,0.0013110442055159867,466,479,629,629,629,180,-13
DST-00129,3,5,8,0.0030211480362537764,0.005035246727089627,0.0013247482068387767,0.1622962327939446,0.02242953607379397,0.0007290036898673676,0.000920441894064828,466,223,365,281,482,455,243
MFG-00039,4,4,8,0.004028197381671702,0.004028197381671702,0.0004926795116638629,0.1537321912990462,0.009107921765380469,0.001543285360423839,0.0008334168359510838,466,318,413,402,201,566,148
RET-00059,8,0,8,0.008056394763343404,0.0,0.0,0.16826530569956774,0.02470537706937612,0.001108663660415851,0.000501583283264323,466,479,335,260,334,845,-13
DST-00172,1,7,8,0.0010070493454179255,0.007049345417925478,4.132956992997437e-05,0.0055387713997985906,1.0885859089737983e-20,0.0005230475095945289,0.0008432481129777131,466,457,545,497,562,557,9
DST-00099,4,4,8,0.004028197381671702,0.004028197381671702,0.00379296603392274,0.19278970518890728,0.02022167235399619,0.0010258405508028912,0.0007109580764793088,466,93,159,305,363,711,373
SUP-00265,0,8,8,0.0,0.008056394763343404,0.0,0.0,9.810527203015464e-26,0.00037989094916249586,0.0013142947909884869,466,479,629,629,629,176,-13
LOG-00058,0,8,8,0.0,0.008056394763343404,0.0,0.0,9.810527203015464e-26,0.00037989094916249586,0.001819538782953774,466,479,629,629,629,59,-13
SUP-00063,0,8,8,0.0,0.008056394763343404,0.0,0.0,9.810527203015464e-26,0.00037989094916249586,0.0010390978523462137,466,479,629,629,629,338,-13
WHS-00069,3,5,8,0.0030211480362537764,0.005035246727089627,0.000990748700584149,0.15691107286954822,0.0026573679524496924,0.0007504741617624445,0.0009627277064620876,466,259,397,470,472,403,207
DST-00174,2,6,8,0.002014098690835851,0.006042296072507553,0.00041391615980410784,0.14751201448111462,0.001697910349694032,0.0005468383749326622,0.0006821695329677605,466,341,443,477,551,750,125
DST-00002,1,7,8,0.0010070493454179255,0.007049345417925478,0.0014234353075615797,0.15987093387174206,0.014953024049195981,0.0004442709562924818,0.0008530258128223117,466,214,382,352,605,544,252
SUP-00165,0,8,8,0.0,0.008056394763343404,0.0,0.0,9.810527203015464e-26,0.00037989094916249586,0.001329490072242799,466,479,629,629,629,170,-13
MFG-00064,2,6,8,0.002014098690835851,0.006042296072507553,0.00043932466277729187,0.0022658610271903325,1.4549011842071934e-22,0.0005462963475570707,0.0012589047084579793,466,337,576,553,552,202,129
RET-00144,8,0,8,0.008056394763343404,0.0,0.0,0.2008644484371874,0.04229782197987506,0.0014783842991389674,0.000501583283264323,466,479,103,164,214,845,-13
DST-00030,3,5,8,0.0030211480362537764,0.005035246727089627,0.006110936022721049,0.1853957818364918,0.037234089923573625,0.0020170487691691845,0.0008668151835547419,466,56,219,193,120,525,410
LOG-00001,0,8,8,0.0,0.008056394763343404,0.0,0.0,9.810527203015464e-26,0.00037989094916249586,0.0019676884407766357,466,479,629,629,629,38,-13
DST-00026,5,3,8,0.005035246727089627,0.0030211480362537764,0.00048261223457079973,0.18790119001055403,0.027216306864138118,0.0014028167441261462,0.0006186961444017423,466,327,199,245,234,809,139
SUP-00200,1,7,8,0.0010070493454179255,0.007049345417925478,3.6596501289879134e-05,0.0010070493454179255,3.826105609176031e-24,0.0004338004884923826,0.00146967262011715,466,460,589,618,609,122,6
MFG-00020,3,5,8,0.0030211480362537764,0.005035246727089627,0.0006232900993706463,0.1736543778777145,0.020792358688762513,0.000539807746434926,0.0009985928127273986,466,298,304,296,555,371,168
LOG-00041,0,8,8,0.0,0.008056394763343404,0.0,0.0,9.810527203015464e-26,0.00037989094916249586,0.0018527984485129084,466,479,629,629,629,53,-13
SUP-00287,0,8,8,0.0,0.008056394763343404,0.0,0.0,9.810527203015464e-26,0.00037989094916249586,0.0011576387191530983,466,479,629,629,629,250,-13
RET-00088,8,0,8,0.008056394763343404,0.0,0.0,0.17072429764089755,0.019342608011188873,0.001147037077678736,0.000501583283264323,466,479,319,320,317,845,-13
MFG-00060,3,5,8,0.0030211480362537764,0.005035246727089627,0.00014404234183989516,0.0032225579053373615,2.2191412533220976e-22,0.0005423884134357987,0.001927576705213383,466,420,562,535,554,41,46
SUP-00123,1,7,8,0.0010070493454179255,0.007049345417925478,0.00022692273508470755,0.0010070493454179255,9.418106114894844e-24,0.00046075525815732595,0.0013390777133526221,466,390,589,591,589,167,76
DST-00141,3,5,8,0.0030211480362537764,0.005035246727089627,0.0006420648386918769,0.16990188806676676,0.022687882131216808,0.001370132832045653,0.000818338256937985,466,295,325,279,245,583,171
DST-00021,0,8,8,0.0,0.008056394763343404,0.0,0.0,9.810527203015464e-26,0.00037989094916249586,0.001018954702154117,466,479,629,629,629,351,-13
DST-00171,1,7,8,0.0010070493454179255,0.007049345417925478,0.00014240455146299232,0.15022862616584973,0.011031375272685278,0.0008729256814608562,0.0008212909580907781,466,421,432,377,421,580,45
DST-00012,2,6,8,0.002014098690835851,0.006042296072507553,0.00011986130764751316,0.005594718585655142,1.0495302001785941e-21,0.000477537586782742,0.0007710996172122157,466,430,544,508,581,637,36
RET-00086,8,0,8,0.008056394763343404,0.0,0.0,0.1849111103900281,0.020592111706850977,0.001436784649340552,0.000501583283264323,466,479,225,301,227,845,-13
RET-00079,8,0,8,0.008056394763343404,0.0,0.0,0.20735832283991107,0.10889767386047756,0.0015175228826334627,0.000501583283264323,466,479,60,12,209,845,-13
DST-00153,1,7,8,0.0010070493454179255,0.007049345417925478,0.002330896754644646,0.16836768629113805,0.0064070895411731015,0.0005920123313686901,0.0008203815232677943,466,151,333,428,533,582,315
SUP-00071,0,8,8,0.0,0.008056394763343404,0.0,0.0,9.810527203015464e-26,0.00037989094916249586,0.0010732378577361723,466,479,629,629,629,307,-13
WHS-00008,1,7,8,0.0010070493454179255,0.007049345417925478,0.0003523158052891567,0.0018126888217522659,5.965781592153705e-22,0.0006048930812943159,0.0009359202958225284,466,361,588,520,528,438,105
DST-00148,4,4,8,0.004028197381671702,0.004028197381671702,0.00013438782320957546,0.15460628928667575,0.021325089422327727,0.001566167902967656,0.0006046554741082765,466,424,410,289,199,816,42
RET-00133,8,0,8,0.008056394763343404,0.0,0.0,0.17413242176202273,0.02735233396669708,0.0011597476553263316,0.000501583283264323,466,479,301,244,311,845,-13
DST-00102,4,4,8,0.004028197381671702,0.004028197381671702,0.00039641173624922245,0.17430372651294102,0.014806731514609667,0.0008653882607950073,0.0006361737629530064,466,345,298,354,425,799,121
RET-00056,8,0,8,0.008056394763343404,0.0,0.0,0.21559496356149857,0.051856747996398354,0.0010613307648902883,0.000501583283264323,466,479,31,114,350,845,-13
SUP-00232,0,8,8,0.0,0.008056394763343404,0.0,0.0,9.810527203015464e-26,0.00037989094916249586,0.0009610173949929593,466,479,629,629,629,405,-13
WHS-00057,6,2,8,0.006042296072507553,0.002014098690835851,0.0012032126552673757,0.1678912148352074,0.030369356744475384,0.0010836925510439939,0.0007575450953992001,466,235,336,229,345,651,231
DST-00098,4,4,8,0.004028197381671702,0.004028197381671702,0.002888313186009194,0.18731146729748885,0.04356494002651188,0.001703068778632288,0.0007871239329591633,466,122,206,159,172,622,344
DST-00157,3,5,8,0.0030211480362537764,0.005035246727089627,0.0009051607969663501,0.16549848433086753,0.023456328626811383,0.0010601923340693082,0.0007079122428413256,466,273,348,269,352,713,193
SUP-00080,0,8,8,0.0,0.008056394763343404,0.0,0.0,9.810527203015464e-26,0.00037989094916249586,0.0019380416286134898,466,479,629,629,629,39,-13
DST-00048,4,4,8,0.004028197381671702,0.004028197381671702,0.0015581217145889312,0.17580634484494911,0.020792358688762513,0.0008063095084243652,0.0007540856876687638,466,200,282,296,443,657,266
RET-00027,8,0,8,0.008056394763343404,0.0,0.0,0.18002628193723705,0.0742934569632231,0.0015174622197661196,0.000501583283264323,466,479,252,51,210,845,-13
RET-00084,8,0,8,0.008056394763343404,0.0,0.0,0.2008644484371874,0.10313131328777897,0.001132218057270971,0.000501583283264323,466,479,103,14,324,845,-13
SUP-00014,0,8,8,0.0,0.008056394763343404,0.0,0.0,9.810527203015464e-26,0.00037989094916249586,0.0017957426595151813,466,479,629,629,629,61,-13
DST-00041,3,5,8,0.0030211480362537764,0.005035246727089627,0.00047883392691887283,0.16125597943305878,0.02242953607379397,0.0006822498814309209,0.0006903210786370932,466,328,371,281,498,739,138
DST-00081,2,6,8,0.002014098690835851,0.006042296072507553,0.0003341809202500059,0.16213519419081027,0.006359853176482189,0.0006210010414462076,0.0007545563032798313,466,366,366,429,518,652,100
DST-00038,3,5,8,0.0030211480362537764,0.005035246727089627,0.001560734370255582,0.17101497695609305,0.026092103434125966,0.0009805047921029955,0.0008538796958557505,466,199,315,252,381,543,267
DST-00004,2,6,8,0.002014098690835851,0.006042296072507553,0.0004602732816615508,0.15155437809206945,0.019471153876397106,0.0013564289673913853,0.0008305444860431308,466,332,422,317,248,569,134
SUP-00044,0,7,7,0.0,0.007049345417925478,0.0,0.0,9.810527203015464e-26,0.00037989094916249586,0.0015671328479881091,535,479,629,629,629,99,56
DST-00091,4,3,7,0.004028197381671702,0.0030211480362537764,0.00014870303158882422,0.1721619759368209,0.015119010614292364,0.0009162509428743918,0.0006605216611904618,535,419,311,351,404,774,116
SUP-00074,0,7,7,0.0,0.007049345417925478,0.0,0.0,9.810527203015464e-26,0.00037989094916249586,0.0015551451719884948,535,479,629,629,629,100,56
DST-00131,0,7,7,0.0,0.007049345417925478,0.0,0.0,9.810527203015464e-26,0.00037989094916249586,0.0008841403823686366,535,479,629,629,629,505,56
DST-00054,3,4,7,0.0030211480362537764,0.004028197381671702,0.0018343245347455918,0.17500486781025773,0.021184910260026217,0.0012310915485701768,0.000671452860208425,535,180,290,291,292,767,355
RET-00005,7,0,7,0.007049345417925478,0.0,0.0,0.20405973442293182,0.08200105195477211,0.001972785097508622,0.000501583283264323,535,479,80,39,130,845,56
SUP-00277,1,6,7,0.0010070493454179255,0.006042296072507553,9.546800334582958e-05,0.0010070493454179255,7.554105946321909e-24,0.0004661462120903146,0.00086974842307405,535,437,589,601,587,522,98
SUP-00077,0,7,7,0.0,0.007049345417925478,0.0,0.0,9.810527203015464e-26,0.00037989094916249586,0.0016182702188096399,535,479,629,629,629,86,56
SUP-00207,2,5,7,0.002014098690835851,0.005035246727089627,0.00019767578957507995,0.002014098690835851,1.1282106283467783e-23,0.0004468928051867836,0.0007656458269911246,535,402,577,587,601,642,133
SUP-00073,1,6,7,0.0010070493454179255,0.006042296072507553,0.0002003148682682905,0.0010070493454179255,1.1282106283467783e-23,0.0004681065589750378,0.0010909484166252948,535,401,589,587,586,288,134
MFG-00019,4,3,7,0.004028197381671702,0.0030211480362537764,0.0013467083025480728,0.1548263705965483,0.011202888273291443,0.0007707185169163494,0.000653697858485226,535,220,409,375,465,783,315
SUP-00276,0,7,7,0.0,0.007049345417925478,0.0,0.0,9.810527203015464e-26,0.00037989094916249586,0.0016115208792703416,535,479,629,629,629,87,56
SUP-00046,0,7,7,0.0,0.007049345417925478,0.0,0.0,9.810527203015464e-26,0.00037989094916249586,0.0014186636102810949,535,479,629,629,629,143,56
RET-00091,7,0,7,0.007049345417925478,0.0,0.0,0.1929839258288848,0.060199964060207806,0.001529369284122053,0.000501583283264323,535,479,157,87,206,845,56
DST-00136,0,7,7,0.0,0.007049345417925478,0.0,0.0,9.810527203015464e-26,0.00037989094916249586,0.0009392625051850652,535,479,629,629,629,434,56
SUP-00182,0,7,7,0.0,0.007049345417925478,0.0,0.0,9.810527203015464e-26,0.00037989094916249586,0.001426980059193738,535,479,629,629,629,139,56
SUP-00121,0,7,7,0.0,0.007049345417925478,0.0,0.0,9.810527203015464e-26,0.00037989094916249586,0.0009598070311051742,535,479,629,629,629,409,56
RET-00114,7,0,7,0.007049345417925478,0.0,0.0,0.20662882140960256,0.086069628482359,0.0016344109796236832,0.000501583283264323,535,479,67,34,184,845,56
SUP-00032,2,5,7,0.002014098690835851,0.005035246727089627,0.0006006894417493588,0.002014098690835851,1.3146106452040724e-23,0.0005618356444008635,0.0011872598067115651,535,301,577,584,547,242,234
DST-00151,0,7,7,0.0,0.007049345417925478,0.0,0.0,9.810527203015464e-26,0.00037989094916249586,0.0007272630468073598,535,479,629,629,629,693,56
SUP-00261,1,6,7,0.0010070493454179255,0.006042296072507553,0.0002231916338456047,0.0010070493454179255,5.690105777748969e-24,0.00045453492669618516,0.0007826071261859185,535,391,589,605,593,625,144
RET-00023,7,0,7,0.007049345417925478,0.0,0.0,0.19249776317994674,0.0439409411055048,0.0013007653770053587,0.000501583283264323,535,479,162,157,265,845,56
DST-00083,3,4,7,0.0030211480362537764,0.004028197381671702,0.0019906744986209284,0.18092407875365984,0.019322892651105324,0.0007853751057802451,0.0008332501635838702,535,172,247,322,458,567,363
MFG-00117,0,7,7,0.0,0.007049345417925478,0.0,0.0,9.810527203015464e-26,0.00037989094916249586,0.0008990803808578147,535,479,629,629,629,477,56
SUP-00292,0,7,7,0.0,0.007049345417925478,0.0,0.0,9.810527203015464e-26,0.00037989094916249586,0.001151767911451028,535,479,629,629,629,253,56
SUP-00246,0,7,7,0.0,0.007049345417925478,0.0,0.0,9.810527203015464e-26,0.00037989094916249586,0.0009406677521205554,535,479,629,629,629,431,56
RET-00017,7,0,7,0.007049345417925478,0.0,0.0,0.1777759534130216,0.05048110791267491,0.0009308249098558378,0.000501583283264323,535,479,270,119,398,845,56
SUP-00148,2,5,7,0.002014098690835851,0.005035246727089627,0.0003334863145013085,0.002014098690835851,1.501010662061366e-23,0.0005353992356910153,0.0009888302577663267,535,367,577,580,556,373,168
SUP-00204,0,7,7,0.0,0.007049345417925478,0.0,0.0,9.810527203015464e-26,0.00037989094916249586,0.0009546768118312103,535,479,629,629,629,413,56
DST-00109,1,6,7,0.0010070493454179255,0.006042296072507553,0.0013792435068864975,0.16571689996557926,0.015575417089347546,0.0021517370010724272,0.0007448425693601048,535,216,347,347,100,672,319
SUP-00285,1,6,7,0.0010070493454179255,0.006042296072507553,8.859136974695887e-05,0.0010070493454179255,3.826105609176031e-24,0.0004387013557041905,0.002035553020049486,535,439,589,618,607,34,96
SUP-00154,1,6,7,0.0010070493454179255,0.006042296072507553,0.000490537738826161,0.0010070493454179255,9.418106114894844e-24,0.0005042975783853113,0.0011309352316703184,535,320,589,591,567,271,215
SUP-00076,0,7,7,0.0,0.007049345417925478,0.0,0.0,9.810527203015464e-26,0.00037989094916249586,0.0013680587419999393,535,479,629,629,629,157,56
RET-00145,7,0,7,0.007049345417925478,0.0,0.0,0.21577028646435337,0.07841638566947179,0.0015308048227776012,0.000501583283264323,535,479,30,47,204,845,56
DST-00095,3,4,7,0.0030211480362537764,0.004028197381671702,0.00048507144218269124,0.17908703404622697,0.023665252246418,0.001280919472746773,0.0006803601124441823,535,325,259,265,275,754,210
SUP-00002,0,7,7,0.0,0.007049345417925478,0.0,0.0,9.810527203015464e-26,0.00037989094916249586,0.0012615266384414653,535,479,629,629,629,201,56
SUP-00293,0,7,7,0.0,0.007049345417925478,0.0,0.0,9.810527203015464e-26,0.00037989094916249586,0.0009264527750514236,535,479,629,629,629,448,56
SUP-00173,1,6,7,0.0010070493454179255,0.006042296072507553,0.00040652447521017526,0.0010070493454179255,7.554105946321909e-24,0.00046075525815732595,0.0014553438069542014,535,342,589,601,589,127,193
LOG-00029,0,7,7,0.0,0.007049345417925478,0.0,0.0,9.810527203015464e-26,0.00037989094916249586,0.0008849271131639469,535,479,629,629,629,504,56
RET-00085,7,0,7,0.007049345417925478,0.0,0.0,0.1991824305344422,0.03323436892601521,0.001258576416188522,0.000501583283264323,535,479,114,213,284,845,56
SUP-00108,0,7,7,0.0,0.007049345417925478,0.0,0.0,9.810527203015464e-26,0.00037989094916249586,0.0010497345975871938,535,479,629,629,629,327,56
SUP-00212,0,7,7,0.0,0.007049345417925478,0.0,0.0,9.810527203015464e-26,0.00037989094916249586,0.0013909904200369513,535,479,629,629,629,148,56
SUP-00010,0,7,7,0.0,0.007049345417925478,0.0,0.0,9.810527203015464e-26,0.00037989094916249586,0.0010490503222852978,535,479,629,629,629,329,56
MFG-00052,1,6,7,0.0010070493454179255,0.006042296072507553,2.323290684561516e-05,0.0010070493454179255,1.1282106283467783e-23,0.00044458239635835993,0.0010284617173960048,535,467,589,587,603,345,68
RET-00078,7,0,7,0.007049345417925478,0.0,0.0,0.20431148883304628,0.04876160724986964,0.0015308973795281552,0.000501583283264323,535,479,74,128,203,845,56
SUP-00251,1,6,7,0.0010070493454179255,0.006042296072507553,0.00024895137846771276,0.0010070493454179255,9.418106114894844e-24,0.00046501127442021174,0.0010651434616363341,535,383,589,591,588,315,152
DST-00050,2,5,7,0.002014098690835851,0.005035246727089627,0.00040212035633600796,0.14264331192665597,0.0047596620320887765,0.0007410707770438157,0.0008668937049104634,535,344,457,447,476,524,191
SUP-00202,0,7,7,0.0,0.007049345417925478,0.0,0.0,9.810527203015464e-26,0.00037989094916249586,0.0011377852743282946,535,479,629,629,629,260,56
WHS-00067,2,5,7,0.002014098690835851,0.005035246727089627,0.0020603106924984224,0.15394978817278865,0.005428665627175321,0.0005733364830286477,0.0010683189962978547,535,166,411,438,544,310,369
SUP-00064,0,7,7,0.0,0.007049345417925478,0.0,0.0,9.810527203015464e-26,0.00037989094916249586,0.0012074685044763432,535,479,629,629,629,227,56
RET-00038,7,0,7,0.007049345417925478,0.0,0.0,0.19451664610855873,0.044551747039429865,0.001950484086498662,0.000501583283264323,535,479,144,151,133,845,56
SUP-00294,0,7,7,0.0,0.007049345417925478,0.0,0.0,9.810527203015464e-26,0.00037989094916249586,0.0013808456775395842,535,479,629,629,629,150,56
DST-00139,0,7,7,0.0,0.007049345417925478,0.0,0.0,9.810527203015464e-26,0.00037989094916249586,0.0007365458206356299,535,479,629,629,629,684,56
SUP-00100,0,7,7,0.0,0.007049345417925478,0.0,0.0,9.810527203015464e-26,0.00037989094916249586,0.001217038435033348,535,479,629,629,629,222,56
SUP-00122,2,5,7,0.002014098690835851,0.005035246727089627,0.00019295194519296124,0.002014098690835851,1.5010106620613657e-23,0.0005346883406668849,0.001088209019808119,535,405,577,582,557,292,130
SUP-00267,0,7,7,0.0,0.007049345417925478,0.0,0.0,9.810527203015464e-26,0.00037989094916249586,0.001286896642567916,535,479,629,629,629,190,56
SUP-00098,2,5,7,0.002014098690835851,0.005035246727089627,0.00031794766595937934,0.002014098690835851,1.501010662061366e-23,0.0005489708679698678,0.0008160096007263382,535,371,577,580,550,589,164
WHS-00009,4,3,7,0.004028197381671702,0.0030211480362537764,0.007212350427766005,0.16862872146368246,0.018349763580839125,0.0015862781219875808,0.0010234123031011375,535,46,332,328,192,348,489
DST-00086,2,5,7,0.002014098690835851,0.005035246727089627,0.00013978319215510524,0.15339167844312296,0.011537127054887282,0.0010554789976579514,0.0007027677856962392,535,422,414,371,354,721,113
MFG-00044,6,1,7,0.006042296072507553,0.0010070493454179255,9.353169169265871e-05,0.006042296072507553,4.297010914920771e-23,0.0006854735706036349,0.0005625555158473388,535,438,540,564,495,837,97
DST-00064,1,5,6,0.0010070493454179255,0.005035246727089627,0.0008486106627038232,0.1336459455384909,0.0042706892322454115,0.0006126956788140229,0.000881641237508867,595,275,474,454,524,508,320
WHS-00046,5,1,6,0.005035246727089627,0.0010070493454179255,7.766055939966867e-06,0.17072429764089755,0.021031349490055803,0.0007610263504960989,0.0005396076891555353,595,476,319,294,468,842,119
SUP-00054,0,6,6,0.0,0.006042296072507553,0.0,0.0,9.810527203015464e-26,0.00037989094916249586,0.0009668048289299905,595,479,629,629,629,394,116
SUP-00009,0,6,6,0.0,0.006042296072507553,0.0,0.0,9.810527203015464e-26,0.00037989094916249586,0.001209230167023297,595,479,629,629,629,224,116
SUP-00274,0,6,6,0.0,0.006042296072507553,0.0,0.0,9.810527203015464e-26,0.00037989094916249586,0.0016259614948184,595,479,629,629,629,85,116
SUP-00282,0,6,6,0.0,0.006042296072507553,0.0,0.0,9.810527203015464e-26,0.00037989094916249586,0.001186212393362315,595,479,629,629,629,243,116
SUP-00040,0,6,6,0.0,0.006042296072507553,0.0,0.0,9.810527203015464e-26,0.00037989094916249586,0.0009359553076102242,595,479,629,629,629,437,116
SUP-00051,0,6,6,0.0,0.006042296072507553,0.0,0.0,9.810527203015464e-26,0.00037989094916249586,0.0012417663839678964,595,479,629,629,629,211,116
SUP-00004,0,6,6,0.0,0.006042296072507553,0.0,0.0,9.810527203015464e-26,0.00037989094916249586,0.0009477336487830521,595,479,629,629,629,419,116
SUP-00205,0,6,6,0.0,0.006042296072507553,0.0,0.0,9.810527203015464e-26,0.00037989094916249586,0.000960208181984221,595,479,629,629,629,407,116
SUP-00110,0,6,6,0.0,0.006042296072507553,0.0,0.0,9.810527203015464e-26,0.00037989094916249586,0.0009513373515733904,595,479,629,629,629,415,116
SUP-00270,0,6,6,0.0,0.006042296072507553,0.0,0.0,9.810527203015464e-26,0.00037989094916249586,0.0010128866325902245,595,479,629,629,629,355,116
SUP-00198,0,6,6,0.0,0.006042296072507553,0.0,0.0,9.810527203015464e-26,0.00037989094916249586,0.0011753551455129586,595,479,629,629,629,244,116
DST-00160,4,2,6,0.004028197381671702,0.002014098690835851,0.00024535755243242064,0.20037228439813765,0.04320733555862935,0.001984220724790528,0.0005901479890455664,595,384,105,161,124,825,211
SUP-00097,0,6,6,0.0,0.006042296072507553,0.0,0.0,9.810527203015464e-26,0.00037989094916249586,0.0011987848457714616,595,479,629,629,629,233,116
SUP-00300,0,6,6,0.0,0.006042296072507553,0.0,0.0,9.810527203015464e-26,0.00037989094916249586,0.0013951674930260322,595,479,629,629,629,147,116
MFG-00102,3,3,6,0.0030211480362537764,0.0030211480362537764,9.784973345956101e-05,0.0030211480362537764,1.6874106789186596e-23,0.0005916784251013365,0.0006001780121141921,595,436,566,578,534,822,159
LOG-00003,0,6,6,0.0,0.006042296072507553,0.0,0.0,9.810527203015464e-26,0.00037989094916249586,0.001408310334230149,595,479,629,629,629,145,116
DST-00175,1,5,6,0.0010070493454179255,0.005035246727089627,0.00018196469188849318,0.14434708074860675,0.003206200130799223,0.0007905349606875092,0.000771054388734667,595,410,454,464,454,638,185
RET-00025,6,0,6,0.006042296072507553,0.0,0.0,0.1787564610785559,0.021060459594380625,0.0009975125856250843,0.000501583283264323,595,479,261,293,372,845,116
LOG-00076,0,6,6,0.0,0.006042296072507553,0.0,0.0,9.810527203015464e-26,0.00037989094916249586,0.0011611224245534392,595,479,629,629,629,249,116
DST-00142,1,5,6,0.0010070493454179255,0.005035246727089627,0.0001823274035716781,0.13191695008377827,0.002547701337815704,0.0004113045655522053,0.0006975324675598806,595,409,477,471,625,730,186
DST-00006,1,5,6,0.0010070493454179255,0.005035246727089627,0.0004924015427489669,0.13896787735614377,0.00376058872599208,0.0007366097465846141,0.0006404871503714053,595,319,467,460,478,793,276
SUP-00291,0,6,6,0.0,0.006042296072507553,0.0,0.0,9.810527203015464e-26,0.00037989094916249586,0.0014011814241070865,595,479,629,629,629,146,116
LOG-00095,0,6,6,0.0,0.006042296072507553,0.0,0.0,9.810527203015464e-26,0.00037989094916249586,0.0008857062218753178,595,479,629,629,629,502,116
SUP-00085,0,6,6,0.0,0.006042296072507553,0.0,0.0,9.810527203015464e-26,0.00037989094916249586,0.000959007422475537,595,479,629,629,629,410,116
DST-00032,1,5,6,0.0010070493454179255,0.005035246727089627,8.202998613307924e-05,0.14025212810325619,0.002305440082107419,0.0005207708037510008,0.0006533056700127845,595,440,464,475,563,786,155
SUP-00143,2,4,6,0.002014098690835851,0.004028197381671702,0.000105056927732381,0.002014098690835851,1.6874106789186605e-23,0.0005804966387842859,0.0007273137358016406,595,435,577,576,542,692,160
SUP-00155,0,6,6,0.0,0.006042296072507553,0.0,0.0,9.810527203015464e-26,0.00037989094916249586,0.0011162478148784671,595,479,629,629,629,277,116
SUP-00145,0,6,6,0.0,0.006042296072507553,0.0,0.0,9.810527203015464e-26,0.00037989094916249586,0.0008985639488420787,595,479,629,629,629,480,116
DST-00036,1,5,6,0.0010070493454179255,0.005035246727089627,0.0002656549229007297,0.11355370664076057,0.00035732817016311,0.0005237417916096428,0.0007645700146149924,595,380,490,490,561,645,215
DST-00052,0,6,6,0.0,0.006042296072507553,0.0,0.0,9.810527203015464e-26,0.00037989094916249586,0.0008868005943781716,595,479,629,629,629,501,116
WHS-00052,1,5,6,0.0010070493454179255,0.005035246727089627,0.00035256268756929946,0.14579829134594527,0.002546865524541048,0.0003972366647930167,0.001343606754528851,595,360,450,472,627,165,235
SUP-00252,0,6,6,0.0,0.006042296072507553,0.0,0.0,9.810527203015464e-26,0.00037989094916249586,0.0011287065366923066,595,479,629,629,629,273,116
SUP-00016,1,5,6,0.0010070493454179255,0.005035246727089627,4.3726792713100614e-05,0.0010070493454179255,9.418106114894844e-24,0.00048097133540603347,0.0009649512255833802,595,456,589,591,579,398,139
SUP-00147,0,6,6,0.0,0.006042296072507553,0.0,0.0,9.810527203015464e-26,0.00037989094916249586,0.0011509867035246041,595,479,629,629,629,255,116
RET-00115,6,0,6,0.006042296072507553,0.0,0.0,0.19426536704800904,0.045755088448455744,0.0017832046138135497,0.000501583283264323,595,479,146,146,159,845,116
DST-00167,2,4,6,0.002014098690835851,0.004028197381671702,0.0001733254093727538,0.16449975070654246,0.009933021284426906,0.0005628337273705217,0.0006860882748283379,595,414,355,394,546,747,181
SUP-00181,0,6,6,0.0,0.006042296072507553,0.0,0.0,9.810527203015464e-26,0.00037989094916249586,0.001420288297530074,595,479,629,629,629,141,116
SUP-00035,0,6,6,0.0,0.006042296072507553,0.0,0.0,9.810527203015464e-26,0.00037989094916249586,0.0022157125145256876,595,479,629,629,629,28,116
LOG-00027,0,6,6,0.0,0.006042296072507553,0.0,0.0,9.810527203015464e-26,0.00037989094916249586,0.0026767143976006826,595,479,629,629,629,17,116
SUP-00157,0,6,6,0.0,0.006042296072507553,0.0,0.0,9.810527203015464e-26,0.00037989094916249586,0.0008539900249025418,595,479,629,629,629,542,116
SUP-00217,1,5,6,0.0010070493454179255,0.005035246727089627,0.0001263820844591768,0.0010070493454179255,9.418106114894844e-24,0.0005269169655167324,0.00141897917074478,595,427,589,591,560,142,168
SUP-00213,0,6,6,0.0,0.006042296072507553,0.0,0.0,9.810527203015464e-26,0.00037989094916249586,0.0008635542742366916,595,479,629,629,629,530,116
WHS-00017,2,4,6,0.002014098690835851,0.004028197381671702,0.00021879518956468468,0.002797359292827571,7.89413881917842e-21,0.0004921001999100481,0.0009353137074559342,595,392,573,499,573,441,203
LOG-00007,0,6,6,0.0,0.006042296072507553,0.0,0.0,9.810527203015464e-26,0.00037989094916249586,0.0012585092181125717,595,479,629,629,629,203,116
SUP-00178,0,6,6,0.0,0.006042296072507553,0.0,0.0,9.810527203015464e-26,0.00037989094916249586,0.0012659350858698992,595,479,629,629,629,198,116
WHS-00095,3,3,6,0.0030211480362537764,0.0030211480362537764,0.0010807180112044604,0.17088063683279683,0.01552050730076329,0.0011123940896757274,0.0008893233154080157,595,250,317,349,333,494,345
MFG-00027,2,4,6,0.002014098690835851,0.004028197381671702,0.0003534374732446488,0.002014098690835851,1.5010106620613657e-23,0.0004828091606104614,0.0009847925422652175,595,359,577,582,578,377,236
DST-00110,1,5,6,0.0010070493454179255,0.005035246727089627,0.00048513249546369296,0.12943140659747146,0.0005823508453197518,0.0004525221113844494,0.0007923570066491865,595,324,484,488,596,615,271
SUP-00134,0,6,6,0.0,0.006042296072507553,0.0,0.0,9.810527203015464e-26,0.00037989094916249586,0.0009393937050582238,595,479,629,629,629,433,116
SUP-00225,0,6,6,0.0,0.006042296072507553,0.0,0.0,9.810527203015464e-26,0.00037989094916249586,0.0011948343579110117,595,479,629,629,629,237,116
SUP-00093,0,6,6,0.0,0.006042296072507553,0.0,0.0,9.810527203015464e-26,0.00037989094916249586,0.0008090616453078842,595,479,629,629,629,597,116
RET-00081,6,0,6,0.006042296072507553,0.0,0.0,0.20342522032335802,0.035366394972801335,0.001220695163681016,0.000501583283264323,595,479,82,201,295,845,116
SUP-00242,1,5,6,0.0010070493454179255,0.005035246727089627,0.00015242731462672258,0.0010070493454179255,3.826105609176031e-24,0.00042301858062640524,0.001029702126429606,595,417,589,618,617,344,178
SUP-00111,1,5,6,0.0010070493454179255,0.005035246727089627,0.00020942187078762403,0.0010070493454179255,5.690105777748969e-24,0.00044920321401520737,0.0010605997075106102,595,400,589,605,597,322,195
SUP-00260,0,6,6,0.0,0.006042296072507553,0.0,0.0,9.810527203015464e-26,0.00037989094916249586,0.0012319327066607824,595,479,629,629,629,214,116
SUP-00066,1,5,6,0.0010070493454179255,0.005035246727089627,2.849245795839695e-05,0.0010070493454179255,9.418106114894844e-24,0.00044727787332485427,0.0012260234100082556,595,465,589,591,600,218,130
SUP-00201,0,6,6,0.0,0.006042296072507553,0.0,0.0,9.810527203015464e-26,0.00037989094916249586,0.0018928383248010604,595,479,629,629,629,47,116
SUP-00028,0,6,6,0.0,0.006042296072507553,0.0,0.0,9.810527203015464e-26,0.00037989094916249586,0.0010410953107273845,595,479,629,629,629,335,116
LOG-00042,0,6,6,0.0,0.006042296072507553,0.0,0.0,9.810527203015464e-26,0.00037989094916249586,0.0010007223075500006,595,479,629,629,629,365,116
SUP-00012,1,5,6,0.0010070493454179255,0.005035246727089627,2.5354142967650534e-05,0.0010070493454179255,3.826105609176031e-24,0.0004203231036599109,0.0008421261787805734,595,466,589,618,618,558,129
DST-00107,2,4,6,0.002014098690835851,0.004028197381671702,0.00021357883226376286,0.1561974992973794,0.009216567765410051,0.0006974380892467162,0.0006043981804465932,595,398,400,401,489,817,197
LOG-00046,0,6,6,0.0,0.006042296072507553,0.0,0.0,9.810527203015464e-26,0.00037989094916249586,0.0019176155369771202,595,479,629,629,629,44,116
SUP-00171,0,6,6,0.0,0.006042296072507553,0.0,0.0,9.810527203015464e-26,0.00037989094916249586,0.0013468234402594218,595,479,629,629,629,164,116
SUP-00295,0,6,6,0.0,0.006042296072507553,0.0,0.0,9.810527203015464e-26,0.00037989094916249586,0.0008627862883794806,595,479,629,629,629,531,116
DST-00193,3,3,6,0.0030211480362537764,0.0030211480362537764,0.001601375566385654,0.17642420980385268,0.01942216004178842,0.000649665730708557,0.0006882815511183417,595,195,277,318,509,743,400
SUP-00026,1,5,6,0.0010070493454179255,0.005035246727089627,0.0004903274534645747,0.0010070493454179255,5.690105777748969e-24,0.0005185154788679188,0.0010854193794268446,595,321,589,605,564,297,274
SUP-00136,0,6,6,0.0,0.006042296072507553,0.0,0.0,9.810527203015464e-26,0.00037989094916249586,0.0015802611856579507,595,479,629,629,629,95,116
SUP-00007,0,6,6,0.0,0.006042296072507553,0.0,0.0,9.810527203015464e-26,0.00037989094916249586,0.0012379145645934216,595,479,629,629,629,213,116
SUP-00224,0,6,6,0.0,0.006042296072507553,0.0,0.0,9.810527203015464e-26,0.00037989094916249586,0.001786875232453817,595,479,629,629,629,62,116
SUP-00177,2,4,6,0.002014098690835851,0.004028197381671702,0.00023729498611547718,0.002014098690835851,1.3146106452040724e-23,0.0006886455835063926,0.0014714964574583655,595,386,577,584,492,121,209
RET-00040,6,0,6,0.006042296072507553,0.0,0.0,0.1849633894712806,0.040662852346212676,0.0013642200868527958,0.000501583283264323,595,479,223,178,246,845,116
LOG-00038,0,6,6,0.0,0.006042296072507553,0.0,0.0,9.810527203015464e-26,0.00037989094916249586,0.0014524963123896354,595,479,629,629,629,129,116
LOG-00015,0,6,6,0.0,0.006042296072507553,0.0,0.0,9.810527203015464e-26,0.00037989094916249586,0.0012552320664298844,595,479,629,629,629,204,116
RET-00105,6,0,6,0.006042296072507553,0.0,0.0,0.20279463997517652,0.05668574261162907,0.0011023324492469018,0.000501583283264323,595,479,87,103,336,845,116
SUP-00038,0,6,6,0.0,0.006042296072507553,0.0,0.0,9.810527203015464e-26,0.00037989094916249586,0.001172181831362159,595,479,629,629,629,246,116
SUP-00033,0,6,6,0.0,0.006042296072507553,0.0,0.0,9.810527203015464e-26,0.00037989094916249586,0.0013608537222607666,595,479,629,629,629,160,116
SUP-00146,0,6,6,0.0,0.006042296072507553,0.0,0.0,9.810527203015464e-26,0.00037989094916249586,0.0008853308725899488,595,479,629,629,629,503,116
LOG-00043,0,6,6,0.0,0.006042296072507553,0.0,0.0,9.810527203015464e-26,0.00037989094916249586,0.0020774357999550825,595,479,629,629,629,31,116
DST-00150,0,6,6,0.0,0.006042296072507553,0.0,0.0,9.810527203015464e-26,0.00037989094916249586,0.0007454117852315548,595,479,629,629,629,669,116
DST-00104,2,4,6,0.002014098690835851,0.004028197381671702,0.0024587625381242624,0.16417437787784936,0.04592108284936832,0.0005872695495194538,0.0006972657460219901,595,144,357,145,536,731,451
SUP-00037,0,6,6,0.0,0.006042296072507553,0.0,0.0,9.810527203015464e-26,0.00037989094916249586,0.000834262037698633,595,479,629,629,629,564,116
DST-00122,2,4,6,0.002014098690835851,0.004028197381671702,0.00011321484058372947,0.006305004597399185,1.2121691201501846e-20,0.0005839143657787887,0.0006937572657038473,595,432,535,495,538,736,163
SUP-00024,0,6,6,0.0,0.006042296072507553,0.0,0.0,9.810527203015464e-26,0.00037989094916249586,0.0009066894245149532,595,479,629,629,629,466,116
SUP-00025,0,6,6,0.0,0.006042296072507553,0.0,0.0,9.810527203015464e-26,0.00037989094916249586,0.001630555211540942,595,479,629,629,629,84,116
SUP-00052,0,6,6,0.0,0.006042296072507553,0.0,0.0,9.810527203015464e-26,0.00037989094916249586,0.0012308180764717823,595,479,629,629,629,215,116
RET-00071,6,0,6,0.006042296072507553,0.0,0.0,0.200127105708143,0.07427180333903835,0.0014734946555797054,0.000501583283264323,595,479,109,52,215,845,116
DST-00155,3,3,6,0.0030211480362537764,0.0030211480362537764,6.705488200956478e-05,0.16193453182176223,0.025979378802603138,0.0007464524557080732,0.0005684081121397004,595,445,367,253,475,835,150
WHS-00078,3,3,6,0.0030211480362537764,0.0030211480362537764,0.0024753674376031113,0.15975352559717285,0.016249740578855473,0.0010266702890772792,0.0014281084468340107,595,142,383,342,362,138,453
RET-00135,6,0,6,0.006042296072507553,0.0,0.0,0.19464906532577192,0.04257723237507033,0.0015472844649323425,0.000501583283264323,595,479,143,163,200,845,116
RET-00050,6,0,6,0.006042296072507553,0.0,0.0,0.18637109382042583,0.044460493918064135,0.0012925952529233382,0.000501583283264323,595,479,212,152,271,845,116
DST-00137,3,3,6,0.0030211480362537764,0.0030211480362537764,0.0006761936380150984,0.15932450001573514,0.00900116541752374,0.0008881508903918862,0.000586156908999245,595,294,387,403,417,829,301
SUP-00079,0,6,6,0.0,0.006042296072507553,0.0,0.0,9.810527203015464e-26,0.00037989094916249586,0.0010723439865112931,595,479,629,629,629,308,116
DST-00025,2,4,6,0.002014098690835851,0.004028197381671702,5.931621956497699e-05,0.15009042135796943,0.008124047797343518,0.0005824293371801673,0.0006111913089297295,595,448,433,413,539,815,147
RET-00034,6,0,6,0.006042296072507553,0.0,0.0,0.1760171441637355,0.034393173350448135,0.0014636415974387078,0.000501583283264323,595,479,280,205,220,845,116
WHS-00011,3,3,6,0.0030211480362537764,0.0030211480362537764,0.0007125016648758206,0.16347523849309897,0.004536803678859435,0.0008252466773517354,0.0011117587659156263,595,292,360,452,432,280,303
SUP-00250,0,5,5,0.0,0.005035246727089627,0.0,0.0,9.810527203015464e-26,0.00037989094916249586,0.0008762236570590007,692,479,629,629,629,515,213
LOG-00078,0,5,5,0.0,0.005035246727089627,0.0,0.0,9.810527203015464e-26,0.00037989094916249586,0.0009070796520977231,692,479,629,629,629,465,213
SUP-00142,1,4,5,0.0010070493454179255,0.004028197381671702,0.0001967585151738129,0.0010070493454179255,7.554105946321909e-24,0.0004723073022994445,0.0013122834577932291,692,403,589,601,585,179,289
SUP-00255,0,5,5,0.0,0.005035246727089627,0.0,0.0,9.810527203015464e-26,0.00037989094916249586,0.0008030574159442676,692,479,629,629,629,604,213
SUP-00034,0,5,5,0.0,0.005035246727089627,0.0,0.0,9.810527203015464e-26,0.00037989094916249586,0.0008068668335608085,692,479,629,629,629,601,213
RET-00048,5,0,5,0.005035246727089627,0.0,0.0,0.18590949376525132,0.01977302791225122,0.000734157443144844,0.000501583283264323,692,479,213,313,479,845,213
SUP-00106,0,5,5,0.0,0.005035246727089627,0.0,0.0,9.810527203015464e-26,0.00037989094916249586,0.0009291158808374834,692,479,629,629,629,444,213
DST-00016,2,3,5,0.002014098690835851,0.0030211480362537764,0.00035009238564502,0.1793353916008551,0.0167398408861957,0.0006976116547439443,0.0006347761174595297,692,363,256,337,488,801,329
SUP-00068,0,5,5,0.0,0.005035246727089627,0.0,0.0,9.810527203015464e-26,0.00037989094916249586,0.000963409928406087,692,479,629,629,629,402,213
SUP-00027,0,5,5,0.0,0.005035246727089627,0.0,0.0,9.810527203015464e-26,0.00037989094916249586,0.0008943329711454567,692,479,629,629,629,488,213
RET-00028,5,0,5,0.005035246727089627,0.0,0.0,0.19517169109782798,0.033172231200523344,0.001122632713349093,0.000501583283264323,692,479,139,214,329,845,213
SUP-00263,0,5,5,0.0,0.005035246727089627,0.0,0.0,9.810527203015464e-26,0.00037989094916249586,0.001853867003993757,692,479,629,629,629,52,213
SUP-00152,0,5,5,0.0,0.005035246727089627,0.0,0.0,9.810527203015464e-26,0.00037989094916249586,0.0007495798301469095,692,479,629,629,629,663,213
SUP-00083,1,4,5,0.0010070493454179255,0.004028197381671702,2.8632101681755714e-05,0.0010070493454179255,9.418106114894844e-24,0.0004338004884923826,0.000861647443720375,692,464,589,591,609,533,228
DST-00106,4,1,5,0.004028197381671702,0.0010070493454179255,1.9035887555037725e-05,0.16835190647450318,0.01789027212040724,0.0011398966753281205,0.0005299748396630948,692,468,334,330,322,843,224
LOG-00048,0,5,5,0.0,0.005035246727089627,0.0,0.0,9.810527203015464e-26,0.00037989094916249586,0.0016643065302158692,692,479,629,629,629,77,213
DST-00154,3,2,5,0.0030211480362537764,0.002014098690835851,5.998127169963209e-05,0.16437575591957773,0.016606221605532618,0.0009793012906315803,0.0005794649839565142,692,447,356,341,382,832,245
SUP-00199,0,5,5,0.0,0.005035246727089627,0.0,0.0,9.810527203015464e-26,0.00037989094916249586,0.001069261857939362,692,479,629,629,629,309,213
WHS-00099,3,2,5,0.0030211480362537764,0.002014098690835851,3.557119746453145e-05,0.0032225579053373615,2.7037812971510625e-22,0.0006115830699622426,0.0006774460421815768,692,461,562,534,525,759,231
DST-00033,1,4,5,0.0010070493454179255,0.004028197381671702,0.00025728787338906596,0.1531403344007302,0.010323138633059345,0.0006201964812420919,0.0006712774318939053,692,382,416,391,519,768,310
SUP-00156,0,5,5,0.0,0.005035246727089627,0.0,0.0,9.810527203015464e-26,0.00037989094916249586,0.0012492304829399721,692,479,629,629,629,209,213
RET-00097,5,0,5,0.005035246727089627,0.0,0.0,0.19029414293688235,0.04045969774300502,0.0007319352496570734,0.000501583283264323,692,479,177,179,480,845,213
LOG-00010,0,5,5,0.0,0.005035246727089627,0.0,0.0,9.810527203015464e-26,0.00037989094916249586,0.0008801307726848931,692,479,629,629,629,510,213
SUP-00191,0,5,5,0.0,0.005035246727089627,0.0,0.0,9.810527203015464e-26,0.00037989094916249586,0.000827163280129886,692,479,629,629,629,574,213
SUP-00128,0,5,5,0.0,0.005035246727089627,0.0,0.0,9.810527203015464e-26,0.00037989094916249586,0.0007351000378330527,692,479,629,629,629,687,213
LOG-00039,0,5,5,0.0,0.005035246727089627,0.0,0.0,9.810527203015464e-26,0.00037989094916249586,0.0015499450501246534,692,479,629,629,629,104,213
SUP-00151,0,5,5,0.0,0.005035246727089627,0.0,0.0,9.810527203015464e-26,0.00037989094916249586,0.0008691455217708641,692,479,629,629,629,523,213
RET-00060,5,0,5,0.005035246727089627,0.0,0.0,0.16774756629741525,0.015966372459270888,0.0008059597721726272,0.000501583283264323,692,479,338,345,445,845,213
SUP-00001,0,5,5,0.0,0.005035246727089627,0.0,0.0,9.810527203015464e-26,0.00037989094916249586,0.0009412695531198008,692,479,629,629,629,429,213
SUP-00132,0,5,5,0.0,0.005035246727089627,0.0,0.0,9.810527203015464e-26,0.00037989094916249586,0.0009626828648693863,692,479,629,629,629,404,213
SUP-00091,0,5,5,0.0,0.005035246727089627,0.0,0.0,9.810527203015464e-26,0.00037989094916249586,0.0011051164584582234,692,479,629,629,629,282,213
SUP-00126,1,4,5,0.0010070493454179255,0.004028197381671702,0.00021493325101862857,0.0010070493454179255,3.826105609176031e-24,0.00042965360085162204,0.001701884140282966,692,395,589,618,611,71,297
LOG-00089,0,5,5,0.0,0.005035246727089627,0.0,0.0,9.810527203015464e-26,0.00037989094916249586,0.001304610075543655,692,479,629,629,629,185,213
SUP-00264,0,5,5,0.0,0.005035246727089627,0.0,0.0,9.810527203015464e-26,0.00037989094916249586,0.0011322071900649842,692,479,629,629,629,265,213
SUP-00169,0,5,5,0.0,0.005035246727089627,0.0,0.0,9.810527203015464e-26,0.00037989094916249586,0.000787722435073522,692,479,629,629,629,621,213
SUP-00124,0,5,5,0.0,0.005035246727089627,0.0,0.0,9.810527203015464e-26,0.00037989094916249586,0.0008953901052053638,692,479,629,629,629,487,213
RET-00061,5,0,5,0.005035246727089627,0.0,0.0,0.2047622874991923,0.04073514885495174,0.0009715557629450442,0.000501583283264323,692,479,71,176,386,845,213
SUP-00056,1,4,5,0.0010070493454179255,0.004028197381671702,4.619228158295988e-05,0.0010070493454179255,3.826105609176031e-24,0.00040801766533461064,0.0007246432305152378,692,454,589,618,626,697,238
RET-00074,5,0,5,0.005035246727089627,0.0,0.0,0.18993335625661123,0.04157189597111865,0.0009651371722319375,0.000501583283264323,692,479,179,172,389,845,213
SUP-00221,0,5,5,0.0,0.005035246727089627,0.0,0.0,9.810527203015464e-26,0.00037989094916249586,0.001379296484858116,692,479,629,629,629,152,213
SUP-00109,0,5,5,0.0,0.005035246727089627,0.0,0.0,9.810527203015464e-26,0.00037989094916249586,0.0008715543105727364,692,479,629,629,629,521,213
SUP-00186,0,5,5,0.0,0.005035246727089627,0.0,0.0,9.810527203015464e-26,0.00037989094916249586,0.0009000439186081558,692,479,629,629,629,474,213
SUP-00099,0,5,5,0.0,0.005035246727089627,0.0,0.0,9.810527203015464e-26,0.00037989094916249586,0.0010922276429625151,692,479,629,629,629,287,213
RET-00077,5,0,5,0.005035246727089627,0.0,0.0,0.1874543004469683,0.07407967273385099,0.001719282630701899,0.000501583283264323,692,479,204,54,170,845,213
SUP-00183,0,5,5,0.0,0.005035246727089627,0.0,0.0,9.810527203015464e-26,0.00037989094916249586,0.0008072330039015133,692,479,629,629,629,600,213
SUP-00013,1,4,5,0.0010070493454179255,0.004028197381671702,0.0004209976463628139,0.0010070493454179255,3.826105609176031e-24,0.00046075525815732595,0.0010102298905760561,692,340,589,618,589,358,352
SUP-00286,0,5,5,0.0,0.005035246727089627,0.0,0.0,9.810527203015464e-26,0.00037989094916249586,0.0010905390638165414,692,479,629,629,629,289,213
SUP-00273,0,5,5,0.0,0.005035246727089627,0.0,0.0,9.810527203015464e-26,0.00037989094916249586,0.0007690169259678829,692,479,629,629,629,641,213
DST-00189,1,4,5,0.0010070493454179255,0.004028197381671702,0.0002987069675340581,0.12392577897160104,0.0009088985606123571,0.0005174548999805976,0.000651184988645574,692,375,488,484,565,788,317
SUP-00084,0,5,5,0.0,0.005035246727089627,0.0,0.0,9.810527203015464e-26,0.00037989094916249586,0.0007884799615462163,692,479,629,629,629,619,213
SUP-00089,0,5,5,0.0,0.005035246727089627,0.0,0.0,9.810527203015464e-26,0.00037989094916249586,0.001086795104780226,692,479,629,629,629,294,213
LOG-00016,0,5,5,0.0,0.005035246727089627,0.0,0.0,9.810527203015464e-26,0.00037989094916249586,0.0024862757369022042,692,479,629,629,629,21,213
SUP-00203,0,5,5,0.0,0.005035246727089627,0.0,0.0,9.810527203015464e-26,0.00037989094916249586,0.0017417963501203694,692,479,629,629,629,66,213
SUP-00184,0,5,5,0.0,0.005035246727089627,0.0,0.0,9.810527203015464e-26,0.00037989094916249586,0.0009329009781691244,692,479,629,629,629,443,213
SUP-00280,0,5,5,0.0,0.005035246727089627,0.0,0.0,9.810527203015464e-26,0.00037989094916249586,0.0015897117640203738,692,479,629,629,629,91,213
SUP-00222,0,5,5,0.0,0.005035246727089627,0.0,0.0,9.810527203015464e-26,0.00037989094916249586,0.0012543188166011133,692,479,629,629,629,205,213
SUP-00011,0,5,5,0.0,0.005035246727089627,0.0,0.0,9.810527203015464e-26,0.00037989094916249586,0.00108196659231865,692,479,629,629,629,302,213
LOG-00088,0,5,5,0.0,0.005035246727089627,0.0,0.0,9.810527203015464e-26,0.00037989094916249586,0.0009599932336648469,692,479,629,629,629,408,213
DST-00163,0,5,5,0.0,0.005035246727089627,0.0,0.0,9.810527203015464e-26,0.00037989094916249586,0.0006913205619066692,692,479,629,629,629,738,213
LOG-00099,0,5,5,0.0,0.005035246727089627,0.0,0.0,9.810527203015464e-26,0.00037989094916249586,0.0019015870193916313,692,479,629,629,629,45,213
RET-00039,5,0,5,0.005035246727089627,0.0,0.0,0.1949971709567569,0.042079947388169434,0.0012380575050071946,0.000501583283264323,692,479,140,166,288,845,213
SUP-00241,0,5,5,0.0,0.005035246727089627,0.0,0.0,9.810527203015464e-26,0.00037989094916249586,0.0008809666425008626,692,479,629,629,629,509,213
SUP-00096,0,5,5,0.0,0.005035246727089627,0.0,0.0,9.810527203015464e-26,0.00037989094916249586,0.000707008458948833,692,479,629,629,629,716,213
RET-00041,5,0,5,0.005035246727089627,0.0,0.0,0.19752883712557953,0.04080709279832202,0.0007565408540635417,0.000501583283264323,692,479,127,175,470,845,213
SUP-00185,0,5,5,0.0,0.005035246727089627,0.0,0.0,9.810527203015464e-26,0.00037989094916249586,0.0010595547604462805,692,479,629,629,629,324,213
RET-00012,5,0,5,0.005035246727089627,0.0,0.0,0.16383709196954246,0.03223354444572498,0.0012083964557609,0.000501583283264323,692,479,359,221,297,845,213
SUP-00272,0,5,5,0.0,0.005035246727089627,0.0,0.0,9.810527203015464e-26,0.00037989094916249586,0.0012050587922995452,692,479,629,629,629,229,213
SUP-00130,0,5,5,0.0,0.005035246727089627,0.0,0.0,9.810527203015464e-26,0.00037989094916249586,0.0009832009912372247,692,479,629,629,629,378,213
SUP-00087,0,5,5,0.0,0.005035246727089627,0.0,0.0,9.810527203015464e-26,0.00037989094916249586,0.0011891562642423845,692,479,629,629,629,241,213
DST-00096,1,4,5,0.0010070493454179255,0.004028197381671702,3.3420064362467635e-05,0.007582489189029086,1.595966754859352e-20,0.0004964286606748602,0.0007455042250522918,692,462,518,493,570,667,230
DST-00123,2,3,5,0.002014098690835851,0.0030211480362537764,0.0008316258689333926,0.14724634448794044,0.001697910349694032,0.0005928825784829707,0.0007176103118869065,692,276,446,477,532,702,416
SUP-00114,0,5,5,0.0,0.005035246727089627,0.0,0.0,9.810527203015464e-26,0.00037989094916249586,0.0012629375519896463,692,479,629,629,629,200,213
SUP-00075,0,5,5,0.0,0.005035246727089627,0.0,0.0,9.810527203015464e-26,0.00037989094916249586,0.0015500430701343064,692,479,629,629,629,103,213
RET-00024,5,0,5,0.005035246727089627,0.0,0.0,0.2042508612425599,0.05068340201440405,0.0022274656637439163,0.000501583283264323,692,479,78,117,92,845,213
DST-00134,2,3,5,0.002014098690835851,0.0030211480362537764,0.00033827087820946516,0.14013166245747286,0.004659747529969562,0.0009075526993968992,0.0007276380676248726,692,364,465,451,407,691,328
SUP-00036,0,5,5,0.0,0.005035246727089627,0.0,0.0,9.810527203015464e-26,0.00037989094916249586,0.0012156690838757323,692,479,629,629,629,223,213
SUP-00243,1,4,5,0.0010070493454179255,0.004028197381671702,0.00024511972078912437,0.0010070493454179255,3.826105609176031e-24,0.0004877100278222693,0.000817147857661695,692,385,589,618,574,586,307
SUP-00086,0,5,5,0.0,0.005035246727089627,0.0,0.0,9.810527203015464e-26,0.00037989094916249586,0.0011126606715782176,692,479,629,629,629,279,213
SUP-00095,0,5,5,0.0,0.005035246727089627,0.0,0.0,9.810527203015464e-26,0.00037989094916249586,0.0007261982825437197,692,479,629,629,629,695,213
RET-00072,5,0,5,0.005035246727089627,0.0,0.0,0.18686532663808036,0.020363947377353066,0.0008611382912800936,0.000501583283264323,692,479,208,303,426,845,213
RET-00139,5,0,5,0.005035246727089627,0.0,0.0,0.18062238478492937,0.03308576549855904,0.0011269587779004513,0.000501583283264323,692,479,249,215,326,845,213
DST-00023,0,5,5,0.0,0.005035246727089627,0.0,0.0,9.810527203015464e-26,0.00037989094916249586,0.0007541990395648652,692,479,629,629,629,655,213
LOG-00065,0,5,5,0.0,0.005035246727089627,0.0,0.0,9.810527203015464e-26,0.00037989094916249586,0.0010419892087653833,692,479,629,629,629,334,213
SUP-00283,0,5,5,0.0,0.005035246727089627,0.0,0.0,9.810527203015464e-26,0.00037989094916249586,0.0017303964656609477,692,479,629,629,629,68,213
SUP-00023,1,4,5,0.0010070493454179255,0.004028197381671702,6.248693777626141e-05,0.0010070493454179255,5.690105777748969e-24,0.00044920321401520737,0.0008778654429861274,692,446,589,605,597,514,246
RET-00134,5,0,5,0.005035246727089627,0.0,0.0,0.17924019654388593,0.01984650921673812,0.0009246711134612267,0.000501583283264323,692,479,257,312,401,845,213
SUP-00223,0,5,5,0.0,0.005035246727089627,0.0,0.0,9.810527203015464e-26,0.00037989094916249586,0.00086183361903969,692,479,629,629,629,532,213
SUP-00258,0,5,5,0.0,0.005035246727089627,0.0,0.0,9.810527203015464e-26,0.00037989094916249586,0.0010859220599304976,692,479,629,629,629,296,213
SUP-00094,0,5,5,0.0,0.005035246727089627,0.0,0.0,9.810527203015464e-26,0.00037989094916249586,0.0010073663170049876,692,479,629,629,629,361,213
RET-00016,5,0,5,0.005035246727089627,0.0,0.0,0.16540728351931364,0.019561638315582566,0.0011227182809199524,0.000501583283264323,692,479,350,316,328,845,213
DST-00200,2,3,5,0.002014098690835851,0.0030211480362537764,0.0005406491575896257,0.1654647951481874,0.02062894170179767,0.0010212156372979956,0.0006120454646764848,692,308,349,300,366,813,384
LOG-00075,0,5,5,0.0,0.005035246727089627,0.0,0.0,9.810527203015464e-26,0.00037989094916249586,0.0024141416025241546,692,479,629,629,629,22,213
SUP-00190,0,5,5,0.0,0.005035246727089627,0.0,0.0,9.810527203015464e-26,0.00037989094916249586,0.0010004374264326722,692,479,629,629,629,368,213
SUP-00244,0,5,5,0.0,0.005035246727089627,0.0,0.0,9.810527203015464e-26,0.00037989094916249586,0.0013775929247217041,692,479,629,629,629,154,213
SUP-00050,0,5,5,0.0,0.005035246727089627,0.0,0.0,9.810527203015464e-26,0.00037989094916249586,0.0009048781536894542,692,479,629,629,629,469,213
LOG-00031,0,5,5,0.0,0.005035246727089627,0.0,0.0,9.810527203015464e-26,0.00037989094916249586,0.002052001832257377,692,479,629,629,629,33,213
SUP-00112,0,5,5,0.0,0.005035246727089627,0.0,0.0,9.810527203015464e-26,0.00037989094916249586,0.0011316311059803024,692,479,629,629,629,266,213
SUP-00153,0,5,5,0.0,0.005035246727089627,0.0,0.0,9.810527203015464e-26,0.00037989094916249586,0.000897983630137584,692,479,629,629,629,482,213
SUP-00192,0,5,5,0.0,0.005035246727089627,0.0,0.0,9.810527203015464e-26,0.00037989094916249586,0.0011552475423129308,692,479,629,629,629,252,213
DST-00072,0,5,5,0.0,0.005035246727089627,0.0,0.0,9.810527203015464e-26,0.00037989094916249586,0.0007393636898960748,692,479,629,629,629,681,213
SUP-00271,0,5,5,0.0,0.005035246727089627,0.0,0.0,9.810527203015464e-26,0.00037989094916249586,0.0009651801543980893,692,479,629,629,629,397,213
DST-00017,3,2,5,0.0030211480362537764,0.002014098690835851,0.0002995584168099054,0.16698903584044295,0.01995528147361622,0.001177048197883012,0.0006586900371015655,692,374,342,309,308,775,318
SUP-00281,0,4,4,0.0,0.004028197381671702,0.0,0.0,9.810527203015464e-26,0.00037989094916249586,0.0007788675049454291,794,479,629,629,629,629,315
SUP-00140,0,4,4,0.0,0.004028197381671702,0.0,0.0,9.810527203015464e-26,0.00037989094916249586,0.0007914383424158446,794,479,629,629,629,617,315
SUP-00236,0,4,4,0.0,0.004028197381671702,0.0,0.0,9.810527203015464e-26,0.00037989094916249586,0.000758300297881824,794,479,629,629,629,648,315
LOG-00052,0,4,4,0.0,0.004028197381671702,0.0,0.0,9.810527203015464e-26,0.00037989094916249586,0.0007651266104403017,794,479,629,629,629,643,315
DST-00158,1,3,4,0.0010070493454179255,0.0030211480362537764,5.794899022190901e-05,0.147611802472906,0.005236295745053048,0.0006335317222760295,0.0007018572832884686,794,449,442,444,512,722,345
LOG-00070,0,4,4,0.0,0.004028197381671702,0.0,0.0,9.810527203015464e-26,0.00037989094916249586,0.002256602587226844,794,479,629,629,629,26,315
DST-00113,2,2,4,0.002014098690835851,0.002014098690835851,1.8125166517745217e-05,0.13144776141449055,0.0034710156581191777,0.0005823093148918938,0.0006033872926370619,794,469,479,462,540,818,325
RET-00026,4,0,4,0.004028197381671702,0.0,0.0,0.1341155204099876,0.0014048080918188288,0.0007949080062455342,0.000501583283264323,794,479,471,481,452,845,315
LOG-00091,0,4,4,0.0,0.004028197381671702,0.0,0.0,9.810527203015464e-26,0.00037989094916249586,0.0009695182994316029,794,479,629,629,629,393,315
RET-00150,4,0,4,0.004028197381671702,0.0,0.0,0.18836657977664167,0.022145880539301433,0.000908356118974903,0.000501583283264323,794,479,194,283,406,845,315
SUP-00058,0,4,4,0.0,0.004028197381671702,0.0,0.0,9.810527203015464e-26,0.00037989094916249586,0.0010563713109662488,794,479,629,629,629,325,315
SUP-00218,1,3,4,0.0010070493454179255,0.0030211480362537764,8.035566635788349e-05,0.0010070493454179255,5.690105777748969e-24,0.00044458239635835993,0.0008882246447689385,794,441,589,605,603,499,353
LOG-00017,0,4,4,0.0,0.004028197381671702,0.0,0.0,9.810527203015464e-26,0.00037989094916249586,0.0018341775786081679,794,479,629,629,629,56,315
SUP-00047,0,4,4,0.0,0.004028197381671702,0.0,0.0,9.810527203015464e-26,0.00037989094916249586,0.0009536605792539428,794,479,629,629,629,414,315
SUP-00101,0,4,4,0.0,0.004028197381671702,0.0,0.0,9.810527203015464e-26,0.00037989094916249586,0.0007960663730160352,794,479,629,629,629,611,315
SUP-00179,0,4,4,0.0,0.004028197381671702,0.0,0.0,9.810527203015464e-26,0.00037989094916249586,0.0011921456467838857,794,479,629,629,629,240,315
SUP-00043,0,4,4,0.0,0.004028197381671702,0.0,0.0,9.810527203015464e-26,0.00037989094916249586,0.001118474674759058,794,479,629,629,629,276,315
SUP-00168,0,4,4,0.0,0.004028197381671702,0.0,0.0,9.810527203015464e-26,0.00037989094916249586,0.0007888862868778023,794,479,629,629,629,618,315
SUP-00115,0,4,4,0.0,0.004028197381671702,0.0,0.0,9.810527203015464e-26,0.00037989094916249586,0.0009080677478905601,794,479,629,629,629,464,315
LOG-00097,0,4,4,0.0,0.004028197381671702,0.0,0.0,9.810527203015464e-26,0.00037989094916249586,0.0014361006614715072,794,479,629,629,629,136,315
SUP-00090,1,3,4,0.0010070493454179255,0.0030211480362537764,3.8720580771579125e-05,0.0010070493454179255,5.690105777748969e-24,0.00042840953455939397,0.0007374070427432805,794,458,589,605,613,683,336
WHS-00004,1,3,4,0.0010070493454179255,0.0030211480362537764,1.165190382859226e-05,0.0025176233635448137,3.3608904092090377e-21,0.0004197190796293732,0.0008783858733498334,794,473,574,502,619,513,321
SUP-00249,0,4,4,0.0,0.004028197381671702,0.0,0.0,9.810527203015464e-26,0.00037989094916249586,0.0009718459075922835,794,479,629,629,629,391,315
SUP-00164,0,4,4,0.0,0.004028197381671702,0.0,0.0,9.810527203015464e-26,0.00037989094916249586,0.0008151819798141759,794,479,629,629,629,590,315
SUP-00238,0,4,4,0.0,0.004028197381671702,0.0,0.0,9.810527203015464e-26,0.00037989094916249586,0.0008473734726733486,794,479,629,629,629,550,315
SUP-00268,1,3,4,0.0010070493454179255,0.0030211480362537764,7.333437766058137e-05,0.0010070493454179255,3.826105609176031e-24,0.00042965360085162204,0.0008176762434796473,794,443,589,618,611,584,351
SUP-00031,0,4,4,0.0,0.004028197381671702,0.0,0.0,9.810527203015464e-26,0.00037989094916249586,0.0010449797227596062,794,479,629,629,629,331,315
RET-00094,4,0,4,0.004028197381671702,0.0,0.0,0.1801757909763952,0.02027832901796137,0.0008216986073492337,0.000501583283264323,794,479,251,304,436,845,315
SUP-00247,0,4,4,0.0,0.004028197381671702,0.0,0.0,9.810527203015464e-26,0.00037989094916249586,0.0006984663753037625,794,479,629,629,629,728,315
RET-00083,4,0,4,0.004028197381671702,0.0,0.0,0.13952132833438247,0.002851674910402866,0.0005853056305971807,0.000501583283264323,794,479,466,467,537,845,315
SUP-00196,0,4,4,0.0,0.004028197381671702,0.0,0.0,9.810527203015464e-26,0.00037989094916249586,0.001132715085071503,794,479,629,629,629,264,315
LOG-00022,0,4,4,0.0,0.004028197381671702,0.0,0.0,9.810527203015464e-26,0.00037989094916249586,0.0008107281847227036,794,479,629,629,629,594,315
SUP-00278,0,4,4,0.0,0.004028197381671702,0.0,0.0,9.810527203015464e-26,0.00037989094916249586,0.0008115261929761183,794,479,629,629,629,593,315
RET-00093,4,0,4,0.004028197381671702,0.0,0.0,0.1894943308737586,0.05092239976583186,0.0013746167144781196,0.000501583283264323,794,479,187,116,244,845,315
SUP-00022,0,4,4,0.0,0.004028197381671702,0.0,0.0,9.810527203015464e-26,0.00037989094916249586,0.0007438147242358134,794,479,629,629,629,675,315
SUP-00209,0,4,4,0.0,0.004028197381671702,0.0,0.0,9.810527203015464e-26,0.00037989094916249586,0.0008464697620477592,794,479,629,629,629,553,315
SUP-00193,1,3,4,0.0010070493454179255,0.0030211480362537764,1.8084339673670635e-05,0.0010070493454179255,3.826105609176031e-24,0.0004139390792655822,0.0006335906416404999,794,470,589,618,623,802,324
SUP-00006,0,4,4,0.0,0.004028197381671702,0.0,0.0,9.810527203015464e-26,0.00037989094916249586,0.0009144140379098132,794,479,629,629,629,459,315
SUP-00081,0,4,4,0.0,0.004028197381671702,0.0,0.0,9.810527203015464e-26,0.00037989094916249586,0.0008380062950865159,794,479,629,629,629,562,315
SUP-00206,0,4,4,0.0,0.004028197381671702,0.0,0.0,9.810527203015464e-26,0.00037989094916249586,0.0008897957919096948,794,479,629,629,629,493,315
SUP-00195,0,4,4,0.0,0.004028197381671702,0.0,0.0,9.810527203015464e-26,0.00037989094916249586,0.0007319391530469664,794,479,629,629,629,688,315
SUP-00256,0,4,4,0.0,0.004028197381671702,0.0,0.0,9.810527203015464e-26,0.00037989094916249586,0.0007156886663068273,794,479,629,629,629,705,315
LOG-00060,0,4,4,0.0,0.004028197381671702,0.0,0.0,9.810527203015464e-26,0.00037989094916249586,0.0011450038975736952,794,479,629,629,629,256,315
LOG-00018,0,4,4,0.0,0.004028197381671702,0.0,0.0,9.810527203015464e-26,0.00037989094916249586,0.0016354742446549318,794,479,629,629,629,82,315
SUP-00296,0,4,4,0.0,0.004028197381671702,0.0,0.0,9.810527203015464e-26,0.00037989094916249586,0.0011310359193410383,794,479,629,629,629,270,315
LOG-00100,0,4,4,0.0,0.004028197381671702,0.0,0.0,9.810527203015464e-26,0.00037989094916249586,0.0009483173427636792,794,479,629,629,629,418,315
SUP-00290,0,4,4,0.0,0.004028197381671702,0.0,0.0,9.810527203015464e-26,0.00037989094916249586,0.0008494484898671718,794,479,629,629,629,546,315
RET-00009,4,0,4,0.004028197381671702,0.0,0.0,0.19915236181428292,0.06804247953567266,0.0010597583910449825,0.000501583283264323,794,479,115,63,353,845,315
LOG-00005,0,4,4,0.0,0.004028197381671702,0.0,0.0,9.810527203015464e-26,0.00037989094916249586,0.0008882858977669321,794,479,629,629,629,497,315
LOG-00067,0,4,4,0.0,0.004028197381671702,0.0,0.0,9.810527203015464e-26,0.00037989094916249586,0.0007477274189249714,794,479,629,629,629,665,315
SUP-00150,1,3,4,0.0010070493454179255,0.0030211480362537764,6.891199985805775e-05,0.0010070493454179255,3.826105609176031e-24,0.0004139390792655822,0.0008003192247244323,794,444,589,618,623,607,350
RET-00054,4,0,4,0.004028197381671702,0.0,0.0,0.17758292849074903,0.029980349491049663,0.0018028233682447236,0.000501583283264323,794,479,273,235,156,845,315
SUP-00053,0,4,4,0.0,0.004028197381671702,0.0,0.0,9.810527203015464e-26,0.00037989094916249586,0.0009492658908833674,794,479,629,629,629,417,315
LOG-00063,0,4,4,0.0,0.004028197381671702,0.0,0.0,9.810527203015464e-26,0.00037989094916249586,0.00266309769357804,794,479,629,629,629,18,315
SUP-00065,0,4,4,0.0,0.004028197381671702,0.0,0.0,9.810527203015464e-26,0.00037989094916249586,0.0008369348728651197,794,479,629,629,629,563,315
LOG-00037,0,4,4,0.0,0.004028197381671702,0.0,0.0,9.810527203015464e-26,0.00037989094916249586,0.0007756418062593716,794,479,629,629,629,634,315
SUP-00125,0,4,4,0.0,0.004028197381671702,0.0,0.0,9.810527203015464e-26,0.00037989094916249586,0.0011140546350514873,794,479,629,629,629,278,315
SUP-00158,1,3,4,0.0010070493454179255,0.0030211480362537764,3.139497120042388e-05,0.0010070493454179255,5.690105777748969e-24,0.000415830642049087,0.0009271734750335397,794,463,589,605,622,446,331
SUP-00170,0,4,4,0.0,0.004028197381671702,0.0,0.0,9.810527203015464e-26,0.00037989094916249586,0.0009459012341749575,794,479,629,629,629,423,315
SUP-00176,0,4,4,0.0,0.004028197381671702,0.0,0.0,9.810527203015464e-26,0.00037989094916249586,0.0008243463332546187,794,479,629,629,629,576,315
LOG-00059,0,4,4,0.0,0.004028197381671702,0.0,0.0,9.810527203015464e-26,0.00037989094916249586,0.0008887174206398528,794,479,629,629,629,495,315
LOG-00079,0,4,4,0.0,0.004028197381671702,0.0,0.0,9.810527203015464e-26,0.00037989094916249586,0.0007582658733411027,794,479,629,629,629,649,315
SUP-00239,0,4,4,0.0,0.004028197381671702,0.0,0.0,9.810527203015464e-26,0.00037989094916249586,0.0009003799002204568,794,479,629,629,629,472,315
SUP-00042,0,4,4,0.0,0.004028197381671702,0.0,0.0,9.810527203015464e-26,0.00037989094916249586,0.0009748398774754995,794,479,629,629,629,387,315
SUP-00135,0,4,4,0.0,0.004028197381671702,0.0,0.0,9.810527203015464e-26,0.00037989094916249586,0.0006984842888252197,794,479,629,629,629,727,315
SUP-00048,0,4,4,0.0,0.004028197381671702,0.0,0.0,9.810527203015464e-26,0.00037989094916249586,0.0012386472810226035,794,479,629,629,629,212,315
SUP-00248,0,4,4,0.0,0.004028197381671702,0.0,0.0,9.810527203015464e-26,0.00037989094916249586,0.0007067661271605286,794,479,629,629,629,718,315
WHS-00034,2,2,4,0.002014098690835851,0.002014098690835851,5.26599664110628e-06,0.002014098690835851,1.1282106283467783e-23,0.00043702105837442774,0.0005807379746193565,794,477,577,587,608,831,317
LOG-00055,0,4,4,0.0,0.004028197381671702,0.0,0.0,9.810527203015464e-26,0.00037989094916249586,0.0013879614628375175,794,479,629,629,629,149,315
SUP-00062,0,4,4,0.0,0.004028197381671702,0.0,0.0,9.810527203015464e-26,0.00037989094916249586,0.0011952594814648144,794,479,629,629,629,236,315
LOG-00008,0,4,4,0.0,0.004028197381671702,0.0,0.0,9.810527203015464e-26,0.00037989094916249586,0.0009425496523496231,794,479,629,629,629,427,315
SUP-00257,0,4,4,0.0,0.004028197381671702,0.0,0.0,9.810527203015464e-26,0.00037989094916249586,0.000923788273362961,794,479,629,629,629,453,315
SUP-00019,0,4,4,0.0,0.004028197381671702,0.0,0.0,9.810527203015464e-26,0.00037989094916249586,0.0006800877276193077,794,479,629,629,629,755,315
SUP-00159,0,4,4,0.0,0.004028197381671702,0.0,0.0,9.810527203015464e-26,0.00037989094916249586,0.0009464098746274849,794,479,629,629,629,422,315
SUP-00175,0,4,4,0.0,0.004028197381671702,0.0,0.0,9.810527203015464e-26,0.00037989094916249586,0.0007071634012463445,794,479,629,629,629,715,315
LOG-00049,0,4,4,0.0,0.004028197381671702,0.0,0.0,9.810527203015464e-26,0.00037989094916249586,0.0029610370819140594,794,479,629,629,629,12,315
LOG-00012,0,4,4,0.0,0.004028197381671702,0.0,0.0,9.810527203015464e-26,0.00037989094916249586,0.0006535654536424487,794,479,629,629,629,784,315
SUP-00214,0,4,4,0.0,0.004028197381671702,0.0,0.0,9.810527203015464e-26,0.00037989094916249586,0.0006821585257698033,794,479,629,629,629,751,315
LOG-00020,0,4,4,0.0,0.004028197381671702,0.0,0.0,9.810527203015464e-26,0.00037989094916249586,0.003617126007038078,794,479,629,629,629,7,315
RET-00124,4,0,4,0.004028197381671702,0.0,0.0,0.16533118740457908,0.02761163483329805,0.0009433411773916496,0.000501583283264323,794,479,351,241,395,845,315
SUP-00253,0,3,3,0.0,0.0030211480362537764,0.0,0.0,9.810527203015464e-26,0.00037989094916249586,0.0009052998224592058,874,479,629,629,629,467,395
SUP-00060,1,2,3,0.0010070493454179255,0.002014098690835851,7.843402279860715e-06,0.0010070493454179255,5.690105777748969e-24,0.00042840953455939397,0.0007003779860766312,874,475,589,605,613,724,399
LOG-00073,0,3,3,0.0,0.0030211480362537764,0.0,0.0,9.810527203015464e-26,0.00037989094916249586,0.0019241986387173568,874,479,629,629,629,43,395
LOG-00080,0,3,3,0.0,0.0030211480362537764,0.0,0.0,9.810527203015464e-26,0.00037989094916249586,0.0034985606390764003,874,479,629,629,629,8,395
SUP-00138,0,3,3,0.0,0.0030211480362537764,0.0,0.0,9.810527203015464e-26,0.00037989094916249586,0.0009701410020358703,874,479,629,629,629,392,395
SUP-00137,0,3,3,0.0,0.0030211480362537764,0.0,0.0,9.810527203015464e-26,0.00037989094916249586,0.0008839981752591514,874,479,629,629,629,506,395
SUP-00226,0,3,3,0.0,0.0030211480362537764,0.0,0.0,9.810527203015464e-26,0.00037989094916249586,0.0007540977427005729,874,479,629,629,629,656,395
SUP-00092,0,3,3,0.0,0.0030211480362537764,0.0,0.0,9.810527203015464e-26,0.00037989094916249586,0.0007450306540458364,874,479,629,629,629,671,395
SUP-00230,0,3,3,0.0,0.0030211480362537764,0.0,0.0,9.810527203015464e-26,0.00037989094916249586,0.0007436804714000234,874,479,629,629,629,677,395
LOG-00056,0,3,3,0.0,0.0030211480362537764,0.0,0.0,9.810527203015464e-26,0.00037989094916249586,0.000723424802903548,874,479,629,629,629,698,395
LOG-00002,0,3,3,0.0,0.0030211480362537764,0.0,0.0,9.810527203015464e-26,0.00037989094916249586,0.0007118323723810072,874,479,629,629,629,709,395
SUP-00220,0,3,3,0.0,0.0030211480362537764,0.0,0.0,9.810527203015464e-26,0.00037989094916249586,0.0006778469379327685,874,479,629,629,629,757,395
SUP-00105,0,3,3,0.0,0.0030211480362537764,0.0,0.0,9.810527203015464e-26,0.00037989094916249586,0.000821136767834682,874,479,629,629,629,581,395
DST-00156,1,2,3,0.0010070493454179255,0.002014098690835851,1.4409784260432345e-05,0.1490919572834821,0.008946915456986539,0.000807196446441223,0.000557384298199016,874,471,434,404,442,839,403
LOG-00093,0,3,3,0.0,0.0030211480362537764,0.0,0.0,9.810527203015464e-26,0.00037989094916249586,0.0012269051090708478,874,479,629,629,629,217,395
DST-00089,1,2,3,0.0010070493454179255,0.002014098690835851,5.4094624669800086e-05,0.1320580356398707,0.00318462667226963,0.0004191579696496327,0.0005489356343210158,874,451,476,465,620,841,423
SUP-00180,0,3,3,0.0,0.0030211480362537764,0.0,0.0,9.810527203015464e-26,0.00037989094916249586,0.0007103386025252528,874,479,629,629,629,712,395
SUP-00118,0,3,3,0.0,0.0030211480362537764,0.0,0.0,9.810527203015464e-26,0.00037989094916249586,0.0009850032122019421,874,479,629,629,629,376,395
RET-00070,3,0,3,0.0030211480362537764,0.0,0.0,0.17321035439764879,0.022658823827261684,0.0009891672959327243,0.000501583283264323,874,479,307,280,376,845,395
LOG-00011,0,3,3,0.0,0.0030211480362537764,0.0,0.0,9.810527203015464e-26,0.00037989094916249586,0.0009436179300180419,874,479,629,629,629,426,395
SUP-00269,0,3,3,0.0,0.0030211480362537764,0.0,0.0,9.810527203015464e-26,0.00037989094916249586,0.0008957043775052874,874,479,629,629,629,486,395
LOG-00084,0,3,3,0.0,0.0030211480362537764,0.0,0.0,9.810527203015464e-26,0.00037989094916249586,0.0006011130548594521,874,479,629,629,629,821,395
LOG-00045,0,3,3,0.0,0.0030211480362537764,0.0,0.0,9.810527203015464e-26,0.00037989094916249586,0.001631571652269193,874,479,629,629,629,83,395
SUP-00234,0,3,3,0.0,0.0030211480362537764,0.0,0.0,9.810527203015464e-26,0.00037989094916249586,0.0006610821525551958,874,479,629,629,629,773,395
LOG-00085,0,3,3,0.0,0.0030211480362537764,0.0,0.0,9.810527203015464e-26,0.00037989094916249586,0.0006565792583105995,874,479,629,629,629,780,395
LOG-00082,0,3,3,0.0,0.0030211480362537764,0.0,0.0,9.810527203015464e-26,0.00037989094916249586,0.0007994011300281271,874,479,629,629,629,608,395
LOG-00087,0,3,3,0.0,0.0030211480362537764,0.0,0.0,9.810527203015464e-26,0.00037989094916249586,0.0014998718913761435,874,479,629,629,629,118,395
SUP-00030,0,3,3,0.0,0.0030211480362537764,0.0,0.0,9.810527203015464e-26,0.00037989094916249586,0.0006641954471464661,874,479,629,629,629,770,395
LOG-00044,0,3,3,0.0,0.0030211480362537764,0.0,0.0,9.810527203015464e-26,0.00037989094916249586,0.0006948125227029683,874,479,629,629,629,733,395
RET-00062,3,0,3,0.0030211480362537764,0.0,0.0,0.1592230830672684,0.015172715235824592,0.0008953767144839508,0.000501583283264323,874,479,388,350,412,845,395
LOG-00006,0,3,3,0.0,0.0030211480362537764,0.0,0.0,9.810527203015464e-26,0.00037989094916249586,0.0012510862286685364,874,479,629,629,629,206,395
LOG-00086,0,3,3,0.0,0.0030211480362537764,0.0,0.0,9.810527203015464e-26,0.00037989094916249586,0.0011401608889913142,874,479,629,629,629,258,395
LOG-00035,0,3,3,0.0,0.0030211480362537764,0.0,0.0,9.810527203015464e-26,0.00037989094916249586,0.0006946969393250156,874,479,629,629,629,734,395
SUP-00104,0,3,3,0.0,0.0030211480362537764,0.0,0.0,9.810527203015464e-26,0.00037989094916249586,0.0006581795802231571,874,479,629,629,629,777,395
LOG-00053,0,3,3,0.0,0.0030211480362537764,0.0,0.0,9.810527203015464e-26,0.00037989094916249586,0.000729067795403843,874,479,629,629,629,689,395
RET-00075,3,0,3,0.0030211480362537764,0.0,0.0,0.1616145031027469,0.013316707713945225,0.0009375712086398199,0.000501583283264323,874,479,369,361,397,845,395
SUP-00119,0,3,3,0.0,0.0030211480362537764,0.0,0.0,9.810527203015464e-26,0.00037989094916249586,0.0008662867880214681,874,479,629,629,629,527,395
SUP-00240,0,3,3,0.0,0.0030211480362537764,0.0,0.0,9.810527203015464e-26,0.00037989094916249586,0.0008101284396101131,874,479,629,629,629,595,395
SUP-00254,0,3,3,0.0,0.0030211480362537764,0.0,0.0,9.810527203015464e-26,0.00037989094916249586,0.0009472289515782321,874,479,629,629,629,421,395
RET-00120,3,0,3,0.0030211480362537764,0.0,0.0,0.17325622578387695,0.04877918331161143,0.0009555735833180598,0.000501583283264323,874,479,306,127,393,845,395
SUP-00129,0,3,3,0.0,0.0030211480362537764,0.0,0.0,9.810527203015464e-26,0.00037989094916249586,0.001172520502384564,874,479,629,629,629,245,395
SUP-00235,0,3,3,0.0,0.0030211480362537764,0.0,0.0,9.810527203015464e-26,0.00037989094916249586,0.0007454789162859045,874,479,629,629,629,668,395
WHS-00087,1,2,3,0.0010070493454179255,0.002014098690835851,4.991255996275e-06,0.0010070493454179255,7.554105946321909e-24,0.0004278105396779507,0.0006247459308773331,874,478,589,601,615,805,396
DST-00057,1,2,3,0.0010070493454179255,0.002014098690835851,1.0997682703656779e-05,0.004296743873783149,1.5658582468732984e-21,0.0004460661397372129,0.0006776109329367083,874,474,556,504,602,758,400
LOG-00014,0,3,3,0.0,0.0030211480362537764,0.0,0.0,9.810527203015464e-26,0.00037989094916249586,0.0014853990560572156,874,479,629,629,629,119,395
SUP-00149,0,3,3,0.0,0.0030211480362537764,0.0,0.0,9.810527203015464e-26,0.00037989094916249586,0.0007923696724172653,874,479,629,629,629,614,395
SUP-00144,1,2,3,0.0010070493454179255,0.002014098690835851,0.0004964184777312153,0.0010070493454179255,5.690105777748969e-24,0.00047692811995629197,0.0006165907094292716,874,317,589,605,582,812,557
LOG-00028,0,3,3,0.0,0.0030211480362537764,0.0,0.0,9.810527203015464e-26,0.00037989094916249586,0.0009887972501400224,874,479,629,629,629,374,395
SUP-00057,0,3,3,0.0,0.0030211480362537764,0.0,0.0,9.810527203015464e-26,0.00037989094916249586,0.0010229078801782241,874,479,629,629,629,349,395
DST-00053,0,3,3,0.0,0.0030211480362537764,0.0,0.0,9.810527203015464e-26,0.00037989094916249586,0.0006997495284551925,874,479,629,629,629,725,395
LOG-00025,0,3,3,0.0,0.0030211480362537764,0.0,0.0,9.810527203015464e-26,0.00037989094916249586,0.0015886227625438642,874,479,629,629,629,92,395
LOG-00090,0,3,3,0.0,0.0030211480362537764,0.0,0.0,9.810527203015464e-26,0.00037989094916249586,0.003135325522845167,874,479,629,629,629,10,395
SUP-00275,0,3,3,0.0,0.0030211480362537764,0.0,0.0,9.810527203015464e-26,0.00037989094916249586,0.0007007491192354861,874,479,629,629,629,723,395
SUP-00297,0,3,3,0.0,0.0030211480362537764,0.0,0.0,9.810527203015464e-26,0.00037989094916249586,0.0006824811170533505,874,479,629,629,629,749,395
LOG-00071,0,3,3,0.0,0.0030211480362537764,0.0,0.0,9.810527203015464e-26,0.00037989094916249586,0.0009448854456209587,874,479,629,629,629,424,395
SUP-00279,0,3,3,0.0,0.0030211480362537764,0.0,0.0,9.810527203015464e-26,0.00037989094916249586,0.0009376336631033077,874,479,629,629,629,436,395
LOG-00032,0,3,3,0.0,0.0030211480362537764,0.0,0.0,9.810527203015464e-26,0.00037989094916249586,0.0005836182718816202,874,479,629,629,629,830,395
SUP-00131,0,3,3,0.0,0.0030211480362537764,0.0,0.0,9.810527203015464e-26,0.00037989094916249586,0.0007120138473120105,874,479,629,629,629,708,395
RET-00118,3,0,3,0.0030211480362537764,0.0,0.0,0.1453166389515592,0.005243454984730315,0.0007045291917244028,0.000501583283264323,874,479,452,443,486,845,395
SUP-00231,0,3,3,0.0,0.0030211480362537764,0.0,0.0,9.810527203015464e-26,0.00037989094916249586,0.000658486264235029,874,479,629,629,629,776,395
SUP-00210,0,3,3,0.0,0.0030211480362537764,0.0,0.0,9.810527203015464e-26,0.00037989094916249586,0.0006238042204938341,874,479,629,629,629,806,395
LOG-00083,0,3,3,0.0,0.0030211480362537764,0.0,0.0,9.810527203015464e-26,0.00037989094916249586,0.0016632232571039925,874,479,629,629,629,78,395
LOG-00013,0,3,3,0.0,0.0030211480362537764,0.0,0.0,9.810527203015464e-26,0.00037989094916249586,0.0010622563507505435,874,479,629,629,629,319,395
RET-00128,3,0,3,0.0030211480362537764,0.0,0.0,0.14892226463918037,0.008122881418613183,0.0006561666229107253,0.000501583283264323,874,479,435,414,506,845,395
LOG-00040,0,3,3,0.0,0.0030211480362537764,0.0,0.0,9.810527203015464e-26,0.00037989094916249586,0.0007825236377617768,874,479,629,629,629,626,395
WHS-00048,3,0,3,0.0030211480362537764,0.0,0.0,0.14166641588564735,0.006858501889846995,0.0006037678247718136,0.000501583283264323,874,479,460,424,529,845,395
SUP-00061,0,3,3,0.0,0.0030211480362537764,0.0,0.0,9.810527203015464e-26,0.00037989094916249586,0.0007852546224735666,874,479,629,629,629,623,395
LOG-00034,0,3,3,0.0,0.0030211480362537764,0.0,0.0,9.810527203015464e-26,0.00037989094916249586,0.0008716955296165091,874,479,629,629,629,520,395
SUP-00008,0,3,3,0.0,0.0030211480362537764,0.0,0.0,9.810527203015464e-26,0.00037989094916249586,0.0008457917517648249,874,479,629,629,629,554,395
SUP-00020,0,3,3,0.0,0.0030211480362537764,0.0,0.0,9.810527203015464e-26,0.00037989094916249586,0.0006534782555313102,874,479,629,629,629,785,395
LOG-00066,0,3,3,0.0,0.0030211480362537764,0.0,0.0,9.810527203015464e-26,0.00037989094916249586,0.0011312454649203617,874,479,629,629,629,267,395
SUP-00116,0,3,3,0.0,0.0030211480362537764,0.0,0.0,9.810527203015464e-26,0.00037989094916249586,0.0007524774535710593,874,479,629,629,629,660,395
SUP-00298,0,3,3,0.0,0.0030211480362537764,0.0,0.0,9.810527203015464e-26,0.00037989094916249586,0.0007646449726417656,874,479,629,629,629,644,395
SUP-00289,0,3,3,0.0,0.0030211480362537764,0.0,0.0,9.810527203015464e-26,0.00037989094916249586,0.001078323409437264,874,479,629,629,629,304,395
SUP-00021,0,2,2,0.0,0.002014098690835851,0.0,0.0,9.810527203015464e-26,0.00037989094916249586,0.0006273945691990834,948,479,629,629,629,803,469
SUP-00078,0,2,2,0.0,0.002014098690835851,0.0,0.0,9.810527203015464e-26,0.00037989094916249586,0.0007800803584137779,948,479,629,629,629,628,469
SUP-00189,0,2,2,0.0,0.002014098690835851,0.0,0.0,9.810527203015464e-26,0.00037989094916249586,0.0006878357011920041,948,479,629,629,629,744,469
RET-00064,2,0,2,0.002014098690835851,0.0,0.0,0.12504096838018658,0.00022311939295581904,0.00048572425813043975,0.000501583283264323,948,479,487,491,577,845,469
LOG-00057,0,2,2,0.0,0.002014098690835851,0.0,0.0,9.810527203015464e-26,0.00037989094916249586,0.0008920939240030488,948,479,629,629,629,491,469
LOG-00051,0,2,2,0.0,0.002014098690835851,0.0,0.0,9.810527203015464e-26,0.00037989094916249586,0.0006564262085831721,948,479,629,629,629,781,469
LOG-00098,0,2,2,0.0,0.002014098690835851,0.0,0.0,9.810527203015464e-26,0.00037989094916249586,0.0007229517715554138,948,479,629,629,629,699,469
LOG-00096,0,2,2,0.0,0.002014098690835851,0.0,0.0,9.810527203015464e-26,0.00037989094916249586,0.0005912373003300055,948,479,629,629,629,824,469
SUP-00299,0,2,2,0.0,0.002014098690835851,0.0,0.0,9.810527203015464e-26,0.00037989094916249586,0.0009752336270548872,948,479,629,629,629,386,469
SUP-00069,0,2,2,0.0,0.002014098690835851,0.0,0.0,9.810527203015464e-26,0.00037989094916249586,0.0005895601088209301,948,479,629,629,629,826,469
LOG-00033,0,2,2,0.0,0.002014098690835851,0.0,0.0,9.810527203015464e-26,0.00037989094916249586,0.0008043169809177867,948,479,629,629,629,603,469
LOG-00069,0,2,2,0.0,0.002014098690835851,0.0,0.0,9.810527203015464e-26,0.00037989094916249586,0.0014694679402753937,948,479,629,629,629,123,469
SUP-00160,0,2,2,0.0,0.002014098690835851,0.0,0.0,9.810527203015464e-26,0.00037989094916249586,0.000570188024410935,948,479,629,629,629,834,469
RET-00043,2,0,2,0.002014098690835851,0.0,0.0,0.1510192771375622,0.011541306506172444,0.000550669592965835,0.000501583283264323,948,479,424,370,549,845,469
SUP-00227,0,2,2,0.0,0.002014098690835851,0.0,0.0,9.810527203015464e-26,0.00037989094916249586,0.0008421126634857079,948,479,629,629,629,559,469
LOG-00062,0,2,2,0.0,0.002014098690835851,0.0,0.0,9.810527203015464e-26,0.00037989094916249586,0.0006401661514125086,948,479,629,629,629,795,469
SUP-00003,0,2,2,0.0,0.002014098690835851,0.0,0.0,9.810527203015464e-26,0.00037989094916249586,0.0006969367210193321,948,479,629,629,629,732,469
LOG-00092,0,2,2,0.0,0.002014098690835851,0.0,0.0,9.810527203015464e-26,0.00037989094916249586,0.000641141304001438,948,479,629,629,629,792,469
SUP-00219,0,2,2,0.0,0.002014098690835851,0.0,0.0,9.810527203015464e-26,0.00037989094916249586,0.0006234295526073592,948,479,629,629,629,808,469
SUP-00141,0,2,2,0.0,0.002014098690835851,0.0,0.0,9.810527203015464e-26,0.00037989094916249586,0.0006472690922632704,948,479,629,629,629,791,469
LOG-00024,0,2,2,0.0,0.002014098690835851,0.0,0.0,9.810527203015464e-26,0.00037989094916249586,0.0005658216948984759,948,479,629,629,629,836,469
SUP-00015,0,2,2,0.0,0.002014098690835851,0.0,0.0,9.810527203015464e-26,0.00037989094916249586,0.0015186435343236525,948,479,629,629,629,113,469
SUP-00172,0,2,2,0.0,0.002014098690835851,0.0,0.0,9.810527203015464e-26,0.00037989094916249586,0.0006018026368744198,948,479,629,629,629,820,469
LOG-00064,0,2,2,0.0,0.002014098690835851,0.0,0.0,9.810527203015464e-26,0.00037989094916249586,0.0006116548219383337,948,479,629,629,629,814,469
LOG-00023,0,2,2,0.0,0.002014098690835851,0.0,0.0,9.810527203015464e-26,0.00037989094916249586,0.0006398007277053624,948,479,629,629,629,796,469
MFG-00061,0,2,2,0.0,0.002014098690835851,0.0,0.0,9.810527203015464e-26,0.00037989094916249586,0.0007265608520341106,948,479,629,629,629,694,469
SUP-00055,0,2,2,0.0,0.002014098690835851,0.0,0.0,9.810527203015464e-26,0.00037989094916249586,0.0006235218913964227,948,479,629,629,629,807,469
RET-00068,2,0,2,0.002014098690835851,0.0,0.0,0.16007230451674073,0.010565108775414308,0.0006590680707508889,0.000501583283264323,948,479,379,385,504,845,469
LOG-00030,0,2,2,0.0,0.002014098690835851,0.0,0.0,9.810527203015464e-26,0.00037989094916249586,0.0006353369905515926,948,479,629,629,629,800,469
SUP-00216,0,2,2,0.0,0.002014098690835851,0.0,0.0,9.810527203015464e-26,0.00037989094916249586,0.0006726573428722615,948,479,629,629,629,764,469
LOG-00004,0,2,2,0.0,0.002014098690835851,0.0,0.0,9.810527203015464e-26,0.00037989094916249586,0.0009351488979398898,948,479,629,629,629,442,469
LOG-00081,0,2,2,0.0,0.002014098690835851,0.0,0.0,9.810527203015464e-26,0.00037989094916249586,0.0005705707161143453,948,479,629,629,629,833,469
SUP-00049,0,2,2,0.0,0.002014098690835851,0.0,0.0,9.810527203015464e-26,0.00037989094916249586,0.0006886754468801444,948,479,629,629,629,742,469
SUP-00288,0,2,2,0.0,0.002014098690835851,0.0,0.0,9.810527203015464e-26,0.00037989094916249586,0.0007460124799115223,948,479,629,629,629,666,469
SUP-00208,0,2,2,0.0,0.002014098690835851,0.0,0.0,9.810527203015464e-26,0.00037989094916249586,0.0008935910672883778,948,479,629,629,629,489,469
LOG-00072,0,2,2,0.0,0.002014098690835851,0.0,0.0,9.810527203015464e-26,0.00037989094916249586,0.0008931750775444246,948,479,629,629,629,490,469
LOG-00061,0,2,2,0.0,0.002014098690835851,0.0,0.0,9.810527203015464e-26,0.00037989094916249586,0.000899274474586401,948,479,629,629,629,476,469
LOG-00054,0,1,1,0.0,0.0010070493454179255,0.0,0.0,9.810527203015464e-26,0.00037989094916249586,0.0006491347528245353,985,479,629,629,629,789,506
SUP-00237,0,1,1,0.0,0.0010070493454179255,0.0,0.0,9.810527203015464e-26,0.00037989094916249586,0.000560342977910779,985,479,629,629,629,838,506
LOG-00019,0,1,1,0.0,0.0010070493454179255,0.0,0.0,9.810527203015464e-26,0.00037989094916249586,0.0006770937147972226,985,479,629,629,629,760,506
RET-00136,1,0,1,0.0010070493454179255,0.0,0.0,0.14191225782210834,0.0029012795473322456,0.00045709447836898457,0.000501583283264323,985,479,458,466,592,845,506
LOG-00077,0,1,1,0.0,0.0010070493454179255,0.0,0.0,9.810527203015464e-26,0.00037989094916249586,0.0008544593188188267,985,479,629,629,629,540,506
RET-00044,1,0,1,0.0010070493454179255,0.0,0.0,0.15200174455388463,0.006253028062993539,0.0004164817459316836,0.000501583283264323,985,479,419,431,621,845,506
LOG-00050,0,1,1,0.0,0.0010070493454179255,0.0,0.0,9.810527203015464e-26,0.00037989094916249586,0.0005948852384213214,985,479,629,629,629,823,506
LOG-00047,0,1,1,0.0,0.0010070493454179255,0.0,0.0,9.810527203015464e-26,0.00037989094916249586,0.0005871806512171881,985,479,629,629,629,827,506
LOG-00026,0,1,1,0.0,0.0010070493454179255,0.0,0.0,9.810527203015464e-26,0.00037989094916249586,0.0009250345259297274,985,479,629,629,629,451,506
RET-00126,1,0,1,0.0010070493454179255,0.0,0.0,0.15539560773394762,0.010345131582714379,0.00042417715303951257,0.000501583283264323,985,479,405,389,616,845,506
